ref_pos,ref_aa,alt_aa,alt_freq_in_dataset,blosum62,site_conservation,site_entropy,site_category,impact_score,impact_category
294,K,R,0.0,2,0.0,0.0,MostlyGap,22.499985,Neutral
294,K,Q,0.0,1,0.0,0.0,MostlyGap,26.249985,Neutral
294,K,E,0.0,1,0.0,0.0,MostlyGap,26.249985,Neutral
294,K,S,0.0,0,0.0,0.0,MostlyGap,29.999984999999995,Neutral
294,K,N,0.0,0,0.0,0.0,MostlyGap,29.999984999999995,Neutral
294,K,M,0.0,-1,0.0,0.0,MostlyGap,33.749985,Neutral
294,K,T,0.0,-1,0.0,0.0,MostlyGap,33.749985,Neutral
294,K,P,0.0,-1,0.0,0.0,MostlyGap,33.749985,Neutral
294,K,A,0.0,-1,0.0,0.0,MostlyGap,33.749985,Neutral
294,K,H,0.0,-1,0.0,0.0,MostlyGap,33.749985,Neutral
294,K,D,0.0,-1,0.0,0.0,MostlyGap,33.749985,Neutral
294,K,Y,0.0,-2,0.0,0.0,MostlyGap,37.499985,Neutral
294,K,V,0.0,-2,0.0,0.0,MostlyGap,37.499985,Neutral
294,K,L,0.0,-2,0.0,0.0,MostlyGap,37.499985,Neutral
294,K,G,0.0,-2,0.0,0.0,MostlyGap,37.499985,Neutral
294,K,C,0.0,-3,0.0,0.0,MostlyGap,41.249985,Moderate
294,K,W,0.0,-3,0.0,0.0,MostlyGap,41.249985,Moderate
294,K,I,0.0,-3,0.0,0.0,MostlyGap,41.249985,Moderate
294,K,F,0.0,-3,0.0,0.0,MostlyGap,41.249985,Moderate
455,H,Y,0.9987437185929648,2,0.9987437185929648,0.015173885761594,Critical,62.44032959422415,Dangerous
371,I,V,0.0766832917705735,3,0.9064837905236908,0.5116970510719837,Conserved,64.45284625058096,Dangerous
359,E,K,0.9925140361821584,1,0.9925140361821584,0.066720109248929,Critical,65.89452218813798,Dangerous
82,A,V,0.923412204234122,0,0.923412204234122,0.3952579646512564,Conserved,66.37352034033704,Dangerous
411,T,A,0.9974699557242253,0,0.9974699557242253,0.0275237653015725,Critical,69.87983491420773,Dangerous
441,T,A,0.9993686868686869,0,0.9993686868686869,0.0076209571773635,Critical,69.97001337378411,Dangerous
503,A,V,0.9993730407523512,0,0.9993730407523512,0.0075746604385564,Critical,69.97022017298137,Dangerous
262,T,A,1.0,0,1.0,0.0,Critical,70.0,Dangerous
310,V,A,1.0,0,1.0,0.0,Critical,70.0,Dangerous
336,T,N,1.0,0,1.0,0.0,Critical,70.0,Dangerous
371,I,L,0.0168329177057356,2,0.9064837905236908,0.5116970510719837,Conserved,70.41048245924118,Dangerous
24,I,V,0.0087336244541484,3,0.9912663755458516,0.0722758116120631,Critical,71.86784271439357,Dangerous
410,R,K,0.0006317119393556,2,0.917877447883765,0.4256249815455302,Conserved,72.60625142868307,Dangerous
542,I,V,0.0012484394506866,3,0.9987515605493134,0.0138420131580487,Critical,73.15133688999678,Dangerous
301,I,V,0.0012461059190031,3,0.9987538940809968,0.013819505761852,Critical,73.15196079202872,Dangerous
181,V,I,0.0012453300124533,3,0.9987546699875468,0.0138120205847539,Critical,73.1521683441721,Dangerous
129,I,V,0.0006261740763932,3,0.9993738259236068,0.0075663067344236,Critical,73.34020836784015,Dangerous
658,V,I,0.0006226650062266,3,0.9993773349937732,0.0075289551477546,Critical,73.34145457797752,Dangerous
75,V,I,0.0,3,0.9968866749688668,0.0304102584058797,Critical,73.57875212328766,Dangerous
527,I,V,0.0,3,0.998645903859174,0.0148546674835199,Critical,73.67550971225457,Dangerous
404,V,I,0.0,3,0.9987389659520808,0.0152244162297656,Critical,73.68062812736444,Dangerous
443,F,Y,0.0,3,0.9987389659520808,0.0152244162297656,Critical,73.68062812736444,Dangerous
27,F,Y,0.0,3,0.99875,0.0138570614629078,Critical,73.68123500000002,Dangerous
422,S,P,0.9987212276214834,-1,0.9987212276214834,0.0141340115159381,Critical,73.6892613800852,Dangerous
493,I,V,0.0,3,0.9993726474278544,0.0075788446179381,Critical,73.71548060853199,Dangerous
137,Y,F,0.0,3,0.9993730407523512,0.0075746604385564,Critical,73.71550224137931,Dangerous
132,F,Y,0.0,3,0.9993742177722152,0.0075621371922205,Critical,73.71556697747184,Dangerous
394,Y,F,0.0,3,0.9993742177722152,0.0075621371922205,Critical,73.71556697747184,Dangerous
544,I,V,0.0,3,0.9993757802746568,0.0075455075531999,Critical,73.7156529151061,Dangerous
31,F,Y,0.0,3,0.9993761696818464,0.0075413622326805,Critical,73.71567433250156,Dangerous
14,F,Y,0.0,3,0.9993761696818464,0.0075413622326805,Critical,73.71567433250156,Dangerous
341,I,V,0.0,3,0.9993765586034912,0.0075372217306431,Critical,73.71569572319203,Dangerous
52,V,I,0.0,3,0.9993773349937732,0.0075289551477546,Critical,73.71573842465753,Dangerous
674,F,Y,0.0,3,0.9993781094527364,0.0075207077362198,Critical,73.7157810199005,Dangerous
544,I,T,0.9993757802746568,-1,0.9993757802746568,0.0075455075531999,Critical,73.72035029386106,Dangerous
377,S,P,0.9993765586034912,-1,0.9993765586034912,0.0075372217306431,Critical,73.72038726265906,Dangerous
362,V,I,0.0,3,1.0,0.0,Critical,73.74998500000001,Dangerous
627,I,V,0.0,3,1.0,0.0,Critical,73.74998500000001,Dangerous
214,Y,F,0.0,3,1.0,0.0,Critical,73.74998500000001,Dangerous
92,V,I,0.0,3,1.0,0.0,Critical,73.74998500000001,Dangerous
23,V,I,0.0,3,1.0,0.0,Critical,73.74998500000001,Dangerous
6,I,V,0.0,3,1.0,0.0,Critical,73.74998500000001,Dangerous
486,I,V,0.0,3,1.0,0.0,Critical,73.74998500000001,Dangerous
535,F,Y,0.0,3,1.0,0.0,Critical,73.74998500000001,Dangerous
353,V,I,0.0,3,1.0,0.0,Critical,73.74998500000001,Dangerous
218,I,V,0.0,3,1.0,0.0,Critical,73.74998500000001,Dangerous
631,V,I,0.0,3,1.0,0.0,Critical,73.74998500000001,Dangerous
630,F,Y,0.0,3,1.0,0.0,Critical,73.74998500000001,Dangerous
489,V,I,0.0,3,1.0,0.0,Critical,73.74998500000001,Dangerous
225,F,Y,0.0,3,1.0,0.0,Critical,73.74998500000001,Dangerous
665,V,I,0.0,3,1.0,0.0,Critical,73.74998500000001,Dangerous
25,I,V,0.0,3,1.0,0.0,Critical,73.74998500000001,Dangerous
220,Y,F,0.0,3,1.0,0.0,Critical,73.74998500000001,Dangerous
676,F,Y,0.0,3,1.0,0.0,Critical,73.74998500000001,Dangerous
534,Y,F,0.0,3,1.0,0.0,Critical,73.74998500000001,Dangerous
99,Y,F,0.0,3,1.0,0.0,Critical,73.74998500000001,Dangerous
97,V,I,0.0,3,1.0,0.0,Critical,73.74998500000001,Dangerous
261,Y,F,0.0,3,1.0,0.0,Critical,73.74998500000001,Dangerous
311,V,I,0.0,3,1.0,0.0,Critical,73.74998500000001,Dangerous
260,I,V,0.0,3,1.0,0.0,Critical,73.74998500000001,Dangerous
656,I,V,0.0,3,1.0,0.0,Critical,73.74998500000001,Dangerous
555,I,V,0.0,3,1.0,0.0,Critical,73.74998500000001,Dangerous
310,V,I,0.0,3,1.0,0.0,Critical,73.74998500000001,Dangerous
318,I,V,0.0,3,1.0,0.0,Critical,73.74998500000001,Dangerous
79,V,I,0.0,3,1.0,0.0,Critical,73.74998500000001,Dangerous
661,V,I,0.0,3,1.0,0.0,Critical,73.74998500000001,Dangerous
652,I,V,0.0,3,1.0,0.0,Critical,73.74998500000001,Dangerous
252,F,Y,0.0,3,1.0,0.0,Critical,73.74998500000001,Dangerous
96,V,I,0.0,3,1.0,0.0,Critical,73.74998500000001,Dangerous
351,V,I,0.0,3,1.0,0.0,Critical,73.74998500000001,Dangerous
517,Y,F,0.0,3,1.0,0.0,Critical,73.74998500000001,Dangerous
308,F,Y,0.0,3,1.0,0.0,Critical,73.74998500000001,Dangerous
242,V,I,0.0,3,1.0,0.0,Critical,73.74998500000001,Dangerous
109,Y,F,0.0,3,1.0,0.0,Critical,73.74998500000001,Dangerous
241,Y,F,0.0,3,1.0,0.0,Critical,73.74998500000001,Dangerous
662,I,V,0.0,3,1.0,0.0,Critical,73.74998500000001,Dangerous
19,F,Y,0.0,3,1.0,0.0,Critical,73.74998500000001,Dangerous
236,V,I,0.0,3,1.0,0.0,Critical,73.74998500000001,Dangerous
20,F,Y,0.0,3,1.0,0.0,Critical,73.74998500000001,Dangerous
234,F,Y,0.0,3,1.0,0.0,Critical,73.74998500000001,Dangerous
663,I,V,0.0,3,1.0,0.0,Critical,73.74998500000001,Dangerous
505,V,I,0.0,3,1.0,0.0,Critical,73.74998500000001,Dangerous
532,I,V,0.0,3,1.0,0.0,Critical,73.74998500000001,Dangerous
504,I,V,0.0,3,1.0,0.0,Critical,73.74998500000001,Dangerous
232,Y,F,0.0,3,1.0,0.0,Critical,73.74998500000001,Dangerous
248,F,Y,0.0,3,1.0,0.0,Critical,73.74998500000001,Dangerous
113,I,V,0.0,3,1.0,0.0,Critical,73.74998500000001,Dangerous
274,I,V,0.0,3,1.0,0.0,Critical,73.74998500000001,Dangerous
671,I,V,0.0,3,1.0,0.0,Critical,73.74998500000001,Dangerous
281,I,V,0.0,3,1.0,0.0,Critical,73.74998500000001,Dangerous
398,I,V,0.0,3,1.0,0.0,Critical,73.74998500000001,Dangerous
171,Y,F,0.0,3,1.0,0.0,Critical,73.74998500000001,Dangerous
141,V,I,0.0,3,1.0,0.0,Critical,73.74998500000001,Dangerous
88,F,Y,0.0,3,1.0,0.0,Critical,73.74998500000001,Dangerous
669,F,Y,0.0,3,1.0,0.0,Critical,73.74998500000001,Dangerous
277,V,I,0.0,3,1.0,0.0,Critical,73.74998500000001,Dangerous
610,I,V,0.0,3,1.0,0.0,Critical,73.74998500000001,Dangerous
185,I,V,0.0,3,1.0,0.0,Critical,73.74998500000001,Dangerous
170,I,V,0.0,3,1.0,0.0,Critical,73.74998500000001,Dangerous
584,I,V,0.0,3,1.0,0.0,Critical,73.74998500000001,Dangerous
153,F,Y,0.0,3,1.0,0.0,Critical,73.74998500000001,Dangerous
176,F,Y,0.0,3,1.0,0.0,Critical,73.74998500000001,Dangerous
666,I,V,0.0,3,1.0,0.0,Critical,73.74998500000001,Dangerous
183,F,Y,0.0,3,1.0,0.0,Critical,73.74998500000001,Dangerous
3,V,I,0.0,3,1.0,0.0,Critical,73.74998500000001,Dangerous
151,F,Y,0.0,3,1.0,0.0,Critical,73.74998500000001,Dangerous
582,F,Y,0.0,3,1.0,0.0,Critical,73.74998500000001,Dangerous
45,V,I,0.0,3,1.0,0.0,Critical,73.74998500000001,Dangerous
603,I,V,0.0,3,1.0,0.0,Critical,73.74998500000001,Dangerous
48,V,I,0.0,3,1.0,0.0,Critical,73.74998500000001,Dangerous
38,I,V,0.0,3,1.0,0.0,Critical,73.74998500000001,Dangerous
193,F,Y,0.0,3,1.0,0.0,Critical,73.74998500000001,Dangerous
138,V,I,0.0,3,1.0,0.0,Critical,73.74998500000001,Dangerous
482,I,V,0.0,3,1.0,0.0,Critical,73.74998500000001,Dangerous
626,I,V,0.0,3,1.0,0.0,Critical,73.74998500000001,Dangerous
213,Y,F,0.0,3,1.0,0.0,Critical,73.74998500000001,Dangerous
572,F,Y,0.0,3,1.0,0.0,Critical,73.74998500000001,Dangerous
160,F,Y,0.0,3,1.0,0.0,Critical,73.74998500000001,Dangerous
162,Y,F,0.0,3,1.0,0.0,Critical,73.74998500000001,Dangerous
623,I,V,0.0,3,1.0,0.0,Critical,73.74998500000001,Dangerous
33,I,V,0.0,3,1.0,0.0,Critical,73.74998500000001,Dangerous
203,V,I,0.0,3,1.0,0.0,Critical,73.74998500000001,Dangerous
590,I,V,0.0,3,1.0,0.0,Critical,73.74998500000001,Dangerous
619,I,V,0.0,3,1.0,0.0,Critical,73.74998500000001,Dangerous
66,V,I,0.0,3,1.0,0.0,Critical,73.74998500000001,Dangerous
543,Y,F,0.0,3,1.0,0.0,Critical,73.74998500000001,Dangerous
285,I,V,0.0,3,1.0,0.0,Critical,73.74998500000001,Dangerous
37,V,I,0.0,3,1.0,0.0,Critical,73.74998500000001,Dangerous
159,F,Y,0.0,3,1.0,0.0,Critical,73.74998500000001,Dangerous
592,F,Y,0.0,3,1.0,0.0,Critical,73.74998500000001,Dangerous
169,V,I,0.0,3,1.0,0.0,Critical,73.74998500000001,Dangerous
194,F,Y,0.0,3,1.0,0.0,Critical,73.74998500000001,Dangerous
393,V,I,0.0,3,1.0,0.0,Critical,73.74998500000001,Dangerous
675,V,I,0.0,3,1.0,0.0,Critical,73.74998500000001,Dangerous
180,V,I,0.0,3,1.0,0.0,Critical,73.74998500000001,Dangerous
290,F,Y,0.0,3,1.0,0.0,Critical,73.74998500000001,Dangerous
315,A,P,1.0,-1,1.0,0.0,Critical,73.75,Dangerous
382,P,T,1.0,-1,1.0,0.0,Critical,73.75,Dangerous
29,R,K,0.0193266832917705,2,0.9806733167082294,0.1376431929818103,Critical,74.35172578901222,Dangerous
419,D,E,0.0127145581691036,2,0.9866497139224412,0.105950575903818,Critical,75.07435152126945,Dangerous
439,K,R,0.0,2,0.963360707517372,0.2312693809475114,Critical,75.48482391345546,Dangerous
371,I,M,0.0,1,0.9064837905236908,0.5116970510719837,Conserved,76.10659347880299,Dangerous
107,N,D,0.0392768079800498,1,0.9607231920199502,0.2389664987991978,Critical,76.11701896229266,Dangerous
407,H,Y,0.0031446540880503,2,0.9937106918238994,0.0635974573941756,Critical,76.31292981904265,Dangerous
439,K,E,0.0360075805432722,1,0.963360707517372,0.2312693809475114,Critical,76.38848938775395,Dangerous
431,K,R,0.0,2,0.9835338822039266,0.1275523249794348,Critical,76.59434852121596,Dangerous
410,R,Q,0.0,1,0.917877447883765,0.4256249815455302,Conserved,76.73324463360707,Dangerous
299,R,K,0.0012468827930174,2,0.9987531172069826,0.0138269995729043,Critical,76.9017530325118,Dangerous
26,L,I,0.0012468827930174,2,0.9987531172069826,0.0138269995729043,Critical,76.9017530325118,Dangerous
406,Q,E,0.000629326620516,2,0.9974826935179358,0.0274035473789826,Critical,76.98525239564826,Dangerous
24,I,L,0.0,2,0.9912663755458516,0.0722758116120631,Critical,77.01963565502183,Dangerous
472,E,D,0.0006265664160401,2,0.9981203007518796,0.0227097428765947,Critical,77.02114691031244,Dangerous
82,A,S,0.0,1,0.923412204234122,0.3952579646512564,Conserved,77.0376562328767,Dangerous
545,E,D,0.0006238303181534,2,0.9987523393636932,0.0150821626695028,Critical,77.0567297335893,Dangerous
359,E,D,0.0,2,0.9925140361821584,0.066720109248929,Critical,77.0882569900187,Dangerous
359,E,Q,0.0,2,0.9925140361821584,0.066720109248929,Critical,77.0882569900187,Dangerous
137,Y,H,0.0006269592476489,2,0.9993730407523512,0.0075746604385564,Critical,77.08992992670267,Dangerous
548,M,L,0.0006242197253433,2,0.9993757802746568,0.0075455075531999,Critical,77.090902070308,Dangerous
547,L,I,0.0006242197253433,2,0.9993757802746568,0.0075455075531999,Critical,77.090902070308,Dangerous
16,R,K,0.0006238303181534,2,0.9993761696818464,0.0075413622326805,Critical,77.09104040108772,Dangerous
239,L,I,0.0,2,0.9968808484092326,0.0304587439827803,Critical,77.3284316625078,Dangerous
239,L,M,0.0,2,0.9968808484092326,0.0304587439827803,Critical,77.3284316625078,Dangerous
637,D,E,0.0,2,0.9968847352024922,0.0304264018763344,Critical,77.32864543613707,Dangerous
414,D,E,0.0,2,0.9974619289340102,0.0293474986755834,Critical,77.36039109137056,Dangerous
467,Q,E,0.0,2,0.9974953036944272,0.0290094812059611,Critical,77.36222670319349,Dangerous
291,W,Y,0.0,2,0.9975031210986268,0.0251848960173824,Critical,77.36265666042448,Dangerous
150,D,E,0.0,2,0.997504678727386,0.0251714342062942,Critical,77.36274233000624,Dangerous
640,D,E,0.0,2,0.9975077881619938,0.0251445567021717,Critical,77.36291334890966,Dangerous
54,R,K,0.0,2,0.9975093399750934,0.0271517589488729,Critical,77.36299869863012,Dangerous
412,D,E,0.0,2,0.9981000633312224,0.021658237707451,Critical,77.39548848321722,Dangerous
405,E,Q,0.0,2,0.9981108312342568,0.0215509948964654,Critical,77.39608071788413,Dangerous
405,E,D,0.0,2,0.9981108312342568,0.0215509948964654,Critical,77.39608071788413,Dangerous
300,K,R,0.0,2,0.9981132075471698,0.019794682453732,Critical,77.39621141509434,Dangerous
479,L,I,0.0,2,0.9981155778894472,0.0215036924941532,Critical,77.39634178391961,Dangerous
481,L,M,0.0,2,0.9981155778894472,0.0197732355204325,Critical,77.39634178391961,Dangerous
481,L,I,0.0,2,0.9981155778894472,0.0197732355204325,Critical,77.39634178391961,Dangerous
479,L,M,0.0,2,0.9981155778894472,0.0215036924941532,Critical,77.39634178391961,Dangerous
472,E,Q,0.0,2,0.9981203007518796,0.0227097428765947,Critical,77.39660154135339,Dangerous
368,L,I,0.0,2,0.9981285090455396,0.0196561579763053,Critical,77.39705299750467,Dangerous
368,L,M,0.0,2,0.9981285090455396,0.0196561579763053,Critical,77.39705299750467,Dangerous
405,E,G,0.9981108312342568,-2,0.9981108312342568,0.0215509948964654,Critical,77.41027118174556,Dangerous
527,I,L,0.0,2,0.998645903859174,0.0148546674835199,Critical,77.42550971225457,Dangerous
409,R,K,0.0,2,0.9987333755541482,0.015283820689474,Critical,77.43032065547814,Dangerous
136,R,K,0.0,2,0.9987460815047022,0.0151487534297749,Critical,77.43101948275861,Dangerous
466,H,Y,0.0,2,0.9987476518472136,0.0151320474423475,Critical,77.43110585159674,Dangerous
542,I,L,0.0,2,0.9987515605493134,0.0138420131580487,Critical,77.43132083021223,Dangerous
389,H,Y,0.0,2,0.9987515605493134,0.0138420131580487,Critical,77.43132083021223,Dangerous
545,E,Q,0.0,2,0.9987523393636932,0.0150821626695028,Critical,77.43136366500312,Dangerous
26,L,M,0.0,2,0.9987531172069826,0.0138269995729043,Critical,77.43140644638405,Dangerous
356,Q,E,0.0,2,0.9987531172069826,0.0150738823659217,Critical,77.43140644638405,Dangerous
301,I,L,0.0,2,0.9987538940809968,0.013819505761852,Critical,77.43144917445484,Dangerous
221,Q,E,0.0,2,0.9987538940809968,0.0150656116808551,Critical,77.43144917445484,Dangerous
321,Q,E,0.0,2,0.9987538940809968,0.0150656116808551,Critical,77.43144917445484,Dangerous
638,Q,E,0.0,2,0.9987546699875468,0.0150573505972072,Critical,77.43149184931507,Dangerous
632,D,E,0.0,2,0.9987546699875468,0.0138120205847539,Critical,77.43149184931507,Dangerous
443,F,S,0.9987389659520808,-2,0.9987389659520808,0.0152244162297656,Critical,77.44010386623566,Dangerous
295,K,R,0.0,2,0.9993560849967804,0.0077547151120776,Critical,77.46456967482291,Dangerous
433,E,D,0.0,2,0.9993670886075948,0.0076379412902158,Critical,77.46517487341774,Dangerous
433,E,Q,0.0,2,0.9993670886075948,0.0076379412902158,Critical,77.46517487341774,Dangerous
408,H,Y,0.0,2,0.9993690851735016,0.0076167236349074,Critical,77.4652846845426,Dangerous
403,Q,E,0.0,2,0.9993698802772528,0.0076082714700213,Critical,77.46532841524889,Dangerous
457,E,D,0.0,2,0.9993714644877436,0.0075914265705,Critical,77.4654155468259,Dangerous
457,E,Q,0.0,2,0.9993714644877436,0.0075914265705,Critical,77.4654155468259,Dangerous
400,E,Q,0.0,2,0.9993722536095416,0.0075830336938666,Critical,77.46545894852478,Dangerous
400,E,D,0.0,2,0.9993722536095416,0.0075830336938666,Critical,77.46545894852478,Dangerous
471,E,Q,0.0,2,0.9993726474278544,0.0075788446179381,Critical,77.465480608532,Dangerous
471,E,D,0.0,2,0.9993726474278544,0.0075788446179381,Critical,77.465480608532,Dangerous
493,I,L,0.0,2,0.9993726474278544,0.0075788446179381,Critical,77.465480608532,Dangerous
465,H,Y,0.0,2,0.9993730407523512,0.0075746604385564,Critical,77.46550224137931,Dangerous
497,R,K,0.0,2,0.9993730407523512,0.0075746604385564,Critical,77.46550224137931,Dangerous
137,Y,W,0.0,2,0.9993730407523512,0.0075746604385564,Critical,77.46550224137931,Dangerous
468,D,E,0.0,2,0.9993730407523512,0.0075746604385564,Critical,77.46550224137931,Dangerous
129,I,L,0.0,2,0.9993738259236068,0.0075663067344236,Critical,77.46554542579838,Dangerous
316,K,R,0.0,2,0.9993738259236068,0.0075663067344236,Critical,77.46554542579838,Dangerous
394,Y,H,0.0,2,0.9993742177722152,0.0075621371922205,Critical,77.46556697747184,Dangerous
394,Y,W,0.0,2,0.9993742177722152,0.0075621371922205,Critical,77.46556697747184,Dangerous
395,K,R,0.0,2,0.9993742177722152,0.0075621371922205,Critical,77.46556697747184,Dangerous
501,R,K,0.0,2,0.9993742177722152,0.0075621371922205,Critical,77.46556697747184,Dangerous
521,Q,E,0.0,2,0.999375390381012,0.0075496577007919,Critical,77.46563147095564,Dangerous
547,L,M,0.0,2,0.9993757802746568,0.0075455075531999,Critical,77.46565291510612,Dangerous
544,I,L,0.0,2,0.9993757802746568,0.0075455075531999,Critical,77.46565291510612,Dangerous
385,D,E,0.0,2,0.9993757802746568,0.0075455075531999,Critical,77.46565291510612,Dangerous
540,E,D,0.0,2,0.9993757802746568,0.0075455075531999,Critical,77.46565291510612,Dangerous
111,L,I,0.0,2,0.9993757802746568,0.0075455075531999,Critical,77.46565291510612,Dangerous
111,L,M,0.0,2,0.9993757802746568,0.0075455075531999,Critical,77.46565291510612,Dangerous
540,E,Q,0.0,2,0.9993757802746568,0.0075455075531999,Critical,77.46565291510612,Dangerous
229,E,D,0.0,2,0.9993761696818464,0.0075413622326805,Critical,77.46567433250155,Dangerous
381,K,R,0.0,2,0.9993761696818464,0.0075413622326805,Critical,77.46567433250155,Dangerous
378,L,M,0.0,2,0.9993761696818464,0.0075413622326805,Critical,77.46567433250155,Dangerous
229,E,Q,0.0,2,0.9993761696818464,0.0075413622326805,Critical,77.46567433250155,Dangerous
378,L,I,0.0,2,0.9993761696818464,0.0075413622326805,Critical,77.46567433250155,Dangerous
245,E,Q,0.0,2,0.9993765586034912,0.0075372217306431,Critical,77.46569572319201,Dangerous
245,E,D,0.0,2,0.9993765586034912,0.0075372217306431,Critical,77.46569572319201,Dangerous
571,L,I,0.0,2,0.9993765586034912,0.0075372217306431,Critical,77.46569572319201,Dangerous
244,L,M,0.0,2,0.9993765586034912,0.0075372217306431,Critical,77.46569572319201,Dangerous
244,L,I,0.0,2,0.9993765586034912,0.0075372217306431,Critical,77.46569572319201,Dangerous
571,L,M,0.0,2,0.9993765586034912,0.0075372217306431,Critical,77.46569572319201,Dangerous
329,D,E,0.0,2,0.9993765586034912,0.0075372217306431,Critical,77.46569572319201,Dangerous
376,Q,E,0.0,2,0.9993765586034912,0.0075372217306431,Critical,77.46569572319201,Dangerous
341,I,L,0.0,2,0.9993765586034912,0.0075372217306431,Critical,77.46569572319201,Dangerous
200,R,K,0.0,2,0.9993765586034912,0.0075372217306431,Critical,77.46569572319201,Dangerous
255,Q,E,0.0,2,0.9993765586034912,0.0075372217306431,Critical,77.46569572319201,Dangerous
258,E,D,0.0,2,0.9993765586034912,0.0075372217306431,Critical,77.46569572319201,Dangerous
258,E,Q,0.0,2,0.9993765586034912,0.0075372217306431,Critical,77.46569572319201,Dangerous
297,L,M,0.0,2,0.9993769470404984,0.0075330860385177,Critical,77.4657170872274,Dangerous
297,L,I,0.0,2,0.9993769470404984,0.0075330860385177,Critical,77.4657170872274,Dangerous
529,L,M,0.0,2,0.9993769470404984,0.0075330860385177,Critical,77.4657170872274,Dangerous
352,Q,E,0.0,2,0.9993769470404984,0.0075330860385177,Critical,77.4657170872274,Dangerous
529,L,I,0.0,2,0.9993769470404984,0.0075330860385177,Critical,77.4657170872274,Dangerous
163,D,E,0.0,2,0.9993773349937732,0.0075289551477546,Critical,77.46573842465753,Dangerous
197,H,Y,0.0,2,0.9993773349937732,0.0075289551477546,Critical,77.46573842465753,Dangerous
573,L,I,0.0,2,0.9993773349937732,0.0075289551477546,Critical,77.46573842465753,Dangerous
44,Q,E,0.0,2,0.9993773349937732,0.0075289551477546,Critical,77.46573842465753,Dangerous
573,L,M,0.0,2,0.9993773349937732,0.0075289551477546,Critical,77.46573842465753,Dangerous
207,E,D,0.0,2,1.0,0.0,Critical,77.499985,Dangerous
623,I,L,0.0,2,1.0,0.0,Critical,77.499985,Dangerous
274,I,L,0.0,2,1.0,0.0,Critical,77.499985,Dangerous
130,R,K,0.0,2,1.0,0.0,Critical,77.499985,Dangerous
624,D,E,0.0,2,1.0,0.0,Critical,77.499985,Dangerous
478,K,R,0.0,2,1.0,0.0,Critical,77.499985,Dangerous
287,E,D,0.0,2,1.0,0.0,Critical,77.499985,Dangerous
207,E,Q,0.0,2,1.0,0.0,Critical,77.499985,Dangerous
208,D,E,0.0,2,1.0,0.0,Critical,77.499985,Dangerous
625,Q,E,0.0,2,1.0,0.0,Critical,77.499985,Dangerous
273,L,M,0.0,2,1.0,0.0,Critical,77.499985,Dangerous
55,D,E,0.0,2,1.0,0.0,Critical,77.499985,Dangerous
555,I,L,0.0,2,1.0,0.0,Critical,77.499985,Dangerous
261,Y,W,0.0,2,1.0,0.0,Critical,77.499985,Dangerous
68,L,I,0.0,2,1.0,0.0,Critical,77.499985,Dangerous
33,I,L,0.0,2,1.0,0.0,Critical,77.499985,Dangerous
622,K,R,0.0,2,1.0,0.0,Critical,77.499985,Dangerous
549,H,Y,0.0,2,1.0,0.0,Critical,77.499985,Dangerous
567,Q,E,0.0,2,1.0,0.0,Critical,77.499985,Dangerous
11,R,K,0.0,2,1.0,0.0,Critical,77.499985,Dangerous
619,I,L,0.0,2,1.0,0.0,Critical,77.499985,Dangerous
161,L,M,0.0,2,1.0,0.0,Critical,77.499985,Dangerous
358,R,K,0.0,2,1.0,0.0,Critical,77.499985,Dangerous
120,E,D,0.0,2,1.0,0.0,Critical,77.499985,Dangerous
199,L,I,0.0,2,1.0,0.0,Critical,77.499985,Dangerous
199,L,M,0.0,2,1.0,0.0,Critical,77.499985,Dangerous
164,R,K,0.0,2,1.0,0.0,Critical,77.499985,Dangerous
134,R,K,0.0,2,1.0,0.0,Critical,77.499985,Dangerous
633,K,R,0.0,2,1.0,0.0,Critical,77.499985,Dangerous
552,D,E,0.0,2,1.0,0.0,Critical,77.499985,Dangerous
201,E,D,0.0,2,1.0,0.0,Critical,77.499985,Dangerous
302,R,K,0.0,2,1.0,0.0,Critical,77.499985,Dangerous
35,L,M,0.0,2,1.0,0.0,Critical,77.499985,Dangerous
35,L,I,0.0,2,1.0,0.0,Critical,77.499985,Dangerous
201,E,Q,0.0,2,1.0,0.0,Critical,77.499985,Dangerous
588,K,R,0.0,2,1.0,0.0,Critical,77.499985,Dangerous
621,D,E,0.0,2,1.0,0.0,Critical,77.499985,Dangerous
574,R,K,0.0,2,1.0,0.0,Critical,77.499985,Dangerous
68,L,M,0.0,2,1.0,0.0,Critical,77.499985,Dangerous
120,E,Q,0.0,2,1.0,0.0,Critical,77.499985,Dangerous
7,L,M,0.0,2,1.0,0.0,Critical,77.499985,Dangerous
285,I,L,0.0,2,1.0,0.0,Critical,77.499985,Dangerous
486,I,L,0.0,2,1.0,0.0,Critical,77.499985,Dangerous
272,K,R,0.0,2,1.0,0.0,Critical,77.499985,Dangerous
218,I,L,0.0,2,1.0,0.0,Critical,77.499985,Dangerous
71,E,D,0.0,2,1.0,0.0,Critical,77.499985,Dangerous
162,Y,W,0.0,2,1.0,0.0,Critical,77.499985,Dangerous
365,L,M,0.0,2,1.0,0.0,Critical,77.499985,Dangerous
162,Y,H,0.0,2,1.0,0.0,Critical,77.499985,Dangerous
365,L,I,0.0,2,1.0,0.0,Critical,77.499985,Dangerous
70,L,M,0.0,2,1.0,0.0,Critical,77.499985,Dangerous
219,R,K,0.0,2,1.0,0.0,Critical,77.499985,Dangerous
591,D,E,0.0,2,1.0,0.0,Critical,77.499985,Dangerous
28,Q,E,0.0,2,1.0,0.0,Critical,77.499985,Dangerous
122,L,M,0.0,2,1.0,0.0,Critical,77.499985,Dangerous
7,L,I,0.0,2,1.0,0.0,Critical,77.499985,Dangerous
71,E,Q,0.0,2,1.0,0.0,Critical,77.499985,Dangerous
220,Y,H,0.0,2,1.0,0.0,Critical,77.499985,Dangerous
161,L,I,0.0,2,1.0,0.0,Critical,77.499985,Dangerous
220,Y,W,0.0,2,1.0,0.0,Critical,77.499985,Dangerous
364,H,Y,0.0,2,1.0,0.0,Critical,77.499985,Dangerous
122,L,I,0.0,2,1.0,0.0,Critical,77.499985,Dangerous
261,Y,H,0.0,2,1.0,0.0,Critical,77.499985,Dangerous
569,L,I,0.0,2,1.0,0.0,Critical,77.499985,Dangerous
273,L,I,0.0,2,1.0,0.0,Critical,77.499985,Dangerous
492,L,M,0.0,2,1.0,0.0,Critical,77.499985,Dangerous
626,I,L,0.0,2,1.0,0.0,Critical,77.499985,Dangerous
482,I,L,0.0,2,1.0,0.0,Critical,77.499985,Dangerous
492,L,I,0.0,2,1.0,0.0,Critical,77.499985,Dangerous
213,Y,H,0.0,2,1.0,0.0,Critical,77.499985,Dangerous
6,I,L,0.0,2,1.0,0.0,Critical,77.499985,Dangerous
590,I,L,0.0,2,1.0,0.0,Critical,77.499985,Dangerous
70,L,I,0.0,2,1.0,0.0,Critical,77.499985,Dangerous
627,I,L,0.0,2,1.0,0.0,Critical,77.499985,Dangerous
666,I,L,0.0,2,1.0,0.0,Critical,77.499985,Dangerous
213,Y,W,0.0,2,1.0,0.0,Critical,77.499985,Dangerous
214,Y,H,0.0,2,1.0,0.0,Critical,77.499985,Dangerous
570,Q,E,0.0,2,1.0,0.0,Critical,77.499985,Dangerous
628,H,Y,0.0,2,1.0,0.0,Critical,77.499985,Dangerous
629,D,E,0.0,2,1.0,0.0,Critical,77.499985,Dangerous
214,Y,W,0.0,2,1.0,0.0,Critical,77.499985,Dangerous
569,L,M,0.0,2,1.0,0.0,Critical,77.499985,Dangerous
127,D,E,0.0,2,1.0,0.0,Critical,77.499985,Dangerous
617,K,R,0.0,2,1.0,0.0,Critical,77.499985,Dangerous
85,R,K,0.0,2,1.0,0.0,Critical,77.499985,Dangerous
275,W,Y,0.0,2,1.0,0.0,Critical,77.499985,Dangerous
554,L,I,0.0,2,1.0,0.0,Critical,77.499985,Dangerous
178,E,Q,0.0,2,1.0,0.0,Critical,77.499985,Dangerous
602,H,Y,0.0,2,1.0,0.0,Critical,77.499985,Dangerous
47,D,E,0.0,2,1.0,0.0,Critical,77.499985,Dangerous
603,I,L,0.0,2,1.0,0.0,Critical,77.499985,Dangerous
280,E,D,0.0,2,1.0,0.0,Critical,77.499985,Dangerous
673,K,R,0.0,2,1.0,0.0,Critical,77.499985,Dangerous
453,Q,E,0.0,2,1.0,0.0,Critical,77.499985,Dangerous
604,L,I,0.0,2,1.0,0.0,Critical,77.499985,Dangerous
604,L,M,0.0,2,1.0,0.0,Critical,77.499985,Dangerous
554,L,M,0.0,2,1.0,0.0,Critical,77.499985,Dangerous
292,E,D,0.0,2,1.0,0.0,Critical,77.499985,Dangerous
292,E,Q,0.0,2,1.0,0.0,Critical,77.499985,Dangerous
551,Q,E,0.0,2,1.0,0.0,Critical,77.499985,Dangerous
84,K,R,0.0,2,1.0,0.0,Critical,77.499985,Dangerous
607,D,E,0.0,2,1.0,0.0,Critical,77.499985,Dangerous
587,R,K,0.0,2,1.0,0.0,Critical,77.499985,Dangerous
442,D,E,0.0,2,1.0,0.0,Critical,77.499985,Dangerous
595,Q,E,0.0,2,1.0,0.0,Critical,77.499985,Dangerous
51,L,I,0.0,2,1.0,0.0,Critical,77.499985,Dangerous
184,L,I,0.0,2,1.0,0.0,Critical,77.499985,Dangerous
178,E,D,0.0,2,1.0,0.0,Critical,77.499985,Dangerous
184,L,M,0.0,2,1.0,0.0,Critical,77.499985,Dangerous
280,E,Q,0.0,2,1.0,0.0,Critical,77.499985,Dangerous
584,I,L,0.0,2,1.0,0.0,Critical,77.499985,Dangerous
50,K,R,0.0,2,1.0,0.0,Critical,77.499985,Dangerous
156,E,D,0.0,2,1.0,0.0,Critical,77.499985,Dangerous
287,E,Q,0.0,2,1.0,0.0,Critical,77.499985,Dangerous
170,I,L,0.0,2,1.0,0.0,Critical,77.499985,Dangerous
596,R,K,0.0,2,1.0,0.0,Critical,77.499985,Dangerous
444,L,I,0.0,2,1.0,0.0,Critical,77.499985,Dangerous
155,K,R,0.0,2,1.0,0.0,Critical,77.499985,Dangerous
57,L,I,0.0,2,1.0,0.0,Critical,77.499985,Dangerous
444,L,M,0.0,2,1.0,0.0,Critical,77.499985,Dangerous
597,W,Y,0.0,2,1.0,0.0,Critical,77.499985,Dangerous
57,L,M,0.0,2,1.0,0.0,Critical,77.499985,Dangerous
156,E,Q,0.0,2,1.0,0.0,Critical,77.499985,Dangerous
171,Y,H,0.0,2,1.0,0.0,Critical,77.499985,Dangerous
171,Y,W,0.0,2,1.0,0.0,Critical,77.499985,Dangerous
172,R,K,0.0,2,1.0,0.0,Critical,77.499985,Dangerous
585,L,M,0.0,2,1.0,0.0,Critical,77.499985,Dangerous
585,L,I,0.0,2,1.0,0.0,Critical,77.499985,Dangerous
288,W,Y,0.0,2,1.0,0.0,Critical,77.499985,Dangerous
49,D,E,0.0,2,1.0,0.0,Critical,77.499985,Dangerous
445,D,E,0.0,2,1.0,0.0,Critical,77.499985,Dangerous
154,H,Y,0.0,2,1.0,0.0,Critical,77.499985,Dangerous
281,I,L,0.0,2,1.0,0.0,Critical,77.499985,Dangerous
1,M,L,0.0,2,1.0,0.0,Critical,77.499985,Dangerous
543,Y,W,0.0,2,1.0,0.0,Critical,77.499985,Dangerous
43,L,I,0.0,2,1.0,0.0,Critical,77.499985,Dangerous
614,D,E,0.0,2,1.0,0.0,Critical,77.499985,Dangerous
139,H,Y,0.0,2,1.0,0.0,Critical,77.499985,Dangerous
25,I,L,0.0,2,1.0,0.0,Critical,77.499985,Dangerous
191,K,R,0.0,2,1.0,0.0,Critical,77.499985,Dangerous
398,I,L,0.0,2,1.0,0.0,Critical,77.499985,Dangerous
192,D,E,0.0,2,1.0,0.0,Critical,77.499985,Dangerous
64,R,K,0.0,2,1.0,0.0,Critical,77.499985,Dangerous
397,D,E,0.0,2,1.0,0.0,Critical,77.499985,Dangerous
615,W,Y,0.0,2,1.0,0.0,Critical,77.499985,Dangerous
396,L,M,0.0,2,1.0,0.0,Critical,77.499985,Dangerous
396,L,I,0.0,2,1.0,0.0,Critical,77.499985,Dangerous
282,D,E,0.0,2,1.0,0.0,Critical,77.499985,Dangerous
38,I,L,0.0,2,1.0,0.0,Critical,77.499985,Dangerous
86,W,Y,0.0,2,1.0,0.0,Critical,77.499985,Dangerous
165,L,M,0.0,2,1.0,0.0,Critical,77.499985,Dangerous
165,L,I,0.0,2,1.0,0.0,Critical,77.499985,Dangerous
89,R,K,0.0,2,1.0,0.0,Critical,77.499985,Dangerous
593,L,M,0.0,2,1.0,0.0,Critical,77.499985,Dangerous
668,L,M,0.0,2,1.0,0.0,Critical,77.499985,Dangerous
56,K,R,0.0,2,1.0,0.0,Critical,77.499985,Dangerous
668,L,I,0.0,2,1.0,0.0,Critical,77.499985,Dangerous
613,H,Y,0.0,2,1.0,0.0,Critical,77.499985,Dangerous
43,L,M,0.0,2,1.0,0.0,Critical,77.499985,Dangerous
39,H,Y,0.0,2,1.0,0.0,Critical,77.499985,Dangerous
594,L,I,0.0,2,1.0,0.0,Critical,77.499985,Dangerous
185,I,L,0.0,2,1.0,0.0,Critical,77.499985,Dangerous
580,R,K,0.0,2,1.0,0.0,Critical,77.499985,Dangerous
62,Q,E,0.0,2,1.0,0.0,Critical,77.499985,Dangerous
671,I,L,0.0,2,1.0,0.0,Critical,77.499985,Dangerous
610,I,L,0.0,2,1.0,0.0,Critical,77.499985,Dangerous
186,L,I,0.0,2,1.0,0.0,Critical,77.499985,Dangerous
186,L,M,0.0,2,1.0,0.0,Critical,77.499985,Dangerous
611,E,D,0.0,2,1.0,0.0,Critical,77.499985,Dangerous
579,L,M,0.0,2,1.0,0.0,Critical,77.499985,Dangerous
579,L,I,0.0,2,1.0,0.0,Critical,77.499985,Dangerous
611,E,Q,0.0,2,1.0,0.0,Critical,77.499985,Dangerous
543,Y,H,0.0,2,1.0,0.0,Critical,77.499985,Dangerous
51,L,M,0.0,2,1.0,0.0,Critical,77.499985,Dangerous
188,Q,E,0.0,2,1.0,0.0,Critical,77.499985,Dangerous
578,E,Q,0.0,2,1.0,0.0,Critical,77.499985,Dangerous
276,K,R,0.0,2,1.0,0.0,Critical,77.499985,Dangerous
140,K,R,0.0,2,1.0,0.0,Critical,77.499985,Dangerous
63,L,I,0.0,2,1.0,0.0,Critical,77.499985,Dangerous
63,L,M,0.0,2,1.0,0.0,Critical,77.499985,Dangerous
594,L,M,0.0,2,1.0,0.0,Critical,77.499985,Dangerous
578,E,D,0.0,2,1.0,0.0,Critical,77.499985,Dangerous
190,K,R,0.0,2,1.0,0.0,Critical,77.499985,Dangerous
593,L,I,0.0,2,1.0,0.0,Critical,77.499985,Dangerous
99,Y,H,0.0,2,1.0,0.0,Critical,77.499985,Dangerous
241,Y,H,0.0,2,1.0,0.0,Critical,77.499985,Dangerous
103,E,D,0.0,2,1.0,0.0,Critical,77.499985,Dangerous
103,E,Q,0.0,2,1.0,0.0,Critical,77.499985,Dangerous
95,K,R,0.0,2,1.0,0.0,Critical,77.499985,Dangerous
651,W,Y,0.0,2,1.0,0.0,Critical,77.499985,Dangerous
559,R,K,0.0,2,1.0,0.0,Critical,77.499985,Dangerous
518,W,Y,0.0,2,1.0,0.0,Critical,77.499985,Dangerous
113,I,L,0.0,2,1.0,0.0,Critical,77.499985,Dangerous
652,I,L,0.0,2,1.0,0.0,Critical,77.499985,Dangerous
21,L,M,0.0,2,1.0,0.0,Critical,77.499985,Dangerous
251,Q,E,0.0,2,1.0,0.0,Critical,77.499985,Dangerous
235,E,D,0.0,2,1.0,0.0,Critical,77.499985,Dangerous
564,E,Q,0.0,2,1.0,0.0,Critical,77.499985,Dangerous
517,Y,W,0.0,2,1.0,0.0,Critical,77.499985,Dangerous
517,Y,H,0.0,2,1.0,0.0,Critical,77.499985,Dangerous
642,D,E,0.0,2,1.0,0.0,Critical,77.499985,Dangerous
266,R,K,0.0,2,1.0,0.0,Critical,77.499985,Dangerous
21,L,I,0.0,2,1.0,0.0,Critical,77.499985,Dangerous
15,K,R,0.0,2,1.0,0.0,Critical,77.499985,Dangerous
306,L,M,0.0,2,1.0,0.0,Critical,77.499985,Dangerous
253,L,I,0.0,2,1.0,0.0,Critical,77.499985,Dangerous
22,W,Y,0.0,2,1.0,0.0,Critical,77.499985,Dangerous
231,E,Q,0.0,2,1.0,0.0,Critical,77.499985,Dangerous
558,L,I,0.0,2,1.0,0.0,Critical,77.499985,Dangerous
114,K,R,0.0,2,1.0,0.0,Critical,77.499985,Dangerous
350,M,L,0.0,2,1.0,0.0,Critical,77.499985,Dangerous
305,E,Q,0.0,2,1.0,0.0,Critical,77.499985,Dangerous
254,L,M,0.0,2,1.0,0.0,Critical,77.499985,Dangerous
504,I,L,0.0,2,1.0,0.0,Critical,77.499985,Dangerous
254,L,I,0.0,2,1.0,0.0,Critical,77.499985,Dangerous
558,L,M,0.0,2,1.0,0.0,Critical,77.499985,Dangerous
232,Y,W,0.0,2,1.0,0.0,Critical,77.499985,Dangerous
325,R,K,0.0,2,1.0,0.0,Critical,77.499985,Dangerous
306,L,I,0.0,2,1.0,0.0,Critical,77.499985,Dangerous
253,L,M,0.0,2,1.0,0.0,Critical,77.499985,Dangerous
233,L,I,0.0,2,1.0,0.0,Critical,77.499985,Dangerous
233,L,M,0.0,2,1.0,0.0,Critical,77.499985,Dangerous
232,Y,H,0.0,2,1.0,0.0,Critical,77.499985,Dangerous
78,D,E,0.0,2,1.0,0.0,Critical,77.499985,Dangerous
112,E,Q,0.0,2,1.0,0.0,Critical,77.499985,Dangerous
235,E,Q,0.0,2,1.0,0.0,Critical,77.499985,Dangerous
340,K,R,0.0,2,1.0,0.0,Critical,77.499985,Dangerous
