PC1,PC2,Virus
-0.7628111,0.050016087,Ebola
-0.7142709,0.051330764,Ebola
-0.7514462,0.036104657,Ebola
-0.75787264,0.040974624,Ebola
-0.75787264,0.040974624,Ebola
-0.75787264,0.040974624,Ebola
-0.76186377,0.042907596,Ebola
-0.75787264,0.040974624,Ebola
-0.75787264,0.040974624,Ebola
-0.76182824,0.051375702,Ebola
-0.7543444,0.021151235,Ebola
-0.75787264,0.040974624,Ebola
-0.75787264,0.040974624,Ebola
-0.75787264,0.040974624,Ebola
-0.75787264,0.040974624,Ebola
-0.76725817,0.052589405,Ebola
-0.75787264,0.040974624,Ebola
-0.75787264,0.040974624,Ebola
-0.75787264,0.040974624,Ebola
-0.75787264,0.040974624,Ebola
-0.7543444,0.021151235,Ebola
-0.75787264,0.040974624,Ebola
-0.75787264,0.040974624,Ebola
-0.75787264,0.040974624,Ebola
-0.75787264,0.040974624,Ebola
-0.75787264,0.040974624,Ebola
-0.75787264,0.040974624,Ebola
-0.75787264,0.040974624,Ebola
-0.75787264,0.040974624,Ebola
-0.75787264,0.040974624,Ebola
-0.75787264,0.040974624,Ebola
-0.75787264,0.040974624,Ebola
-0.76186377,0.042907596,Ebola
-0.75787264,0.040974624,Ebola
-0.7543444,0.021151235,Ebola
-0.7574546,0.02118939,Ebola
-0.75787264,0.040974624,Ebola
-0.76186377,0.042907596,Ebola
-0.75787264,0.040974624,Ebola
-0.72323334,-0.0015207028,Ebola
-0.75787264,0.040974624,Ebola
-0.75787264,0.040974624,Ebola
-0.75787264,0.040974624,Ebola
-0.7543444,0.021151235,Ebola
-0.75787264,0.040974624,Ebola
-0.75787264,0.040974624,Ebola
-0.75787264,0.040974624,Ebola
-0.7511461,0.022641884,Ebola
-0.75787264,0.040974624,Ebola
-0.75787264,0.040974624,Ebola
-0.75787264,0.040974624,Ebola
-0.75787264,0.040974624,Ebola
-0.75787264,0.040974624,Ebola
-0.7494139,0.027427725,Ebola
-0.75787264,0.040974624,Ebola
-0.75787264,0.040974624,Ebola
-0.75787264,0.040974624,Ebola
-0.75787264,0.040974624,Ebola
-0.75787264,0.040974624,Ebola
-0.75787264,0.040974624,Ebola
-0.7543444,0.021151235,Ebola
-0.75787264,0.040974624,Ebola
-0.75787264,0.040974624,Ebola
-0.7543444,0.021151235,Ebola
-0.75431013,0.040985476,Ebola
-0.75787264,0.040974624,Ebola
-0.7494139,0.027427725,Ebola
-0.7494139,0.027427725,Ebola
-0.75787264,0.040974624,Ebola
-0.75787264,0.040974624,Ebola
-0.75787264,0.040974624,Ebola
-0.75787264,0.040974624,Ebola
-0.7494139,0.027427725,Ebola
-0.75787264,0.040974624,Ebola
-0.75787264,0.040974624,Ebola
-0.7543444,0.021151235,Ebola
-0.75787264,0.040974624,Ebola
-0.75787264,0.040974624,Ebola
-0.75787264,0.040974624,Ebola
-0.75787264,0.040974624,Ebola
-0.76239455,0.052420225,Ebola
-0.75787264,0.040974624,Ebola
-0.75787264,0.040974624,Ebola
-0.7543444,0.021151235,Ebola
-0.75787264,0.040974624,Ebola
-0.75787264,0.040974624,Ebola
-0.76948947,0.05789039,Ebola
-0.75787264,0.040974624,Ebola
-0.75787264,0.040974624,Ebola
-0.70650345,0.042633366,Ebola
-0.7083314,0.04296217,Ebola
-0.70650345,0.042633366,Ebola
-0.70650345,0.042633366,Ebola
-0.70650345,0.042633366,Ebola
-0.70650345,0.042633366,Ebola
-0.75978386,0.04884267,Ebola
-0.75787264,0.040974624,Ebola
-0.701117,0.030123483,Ebola
-0.7083314,0.04296217,Ebola
-0.75787264,0.040974624,Ebola
-0.70650345,0.042633366,Ebola
-0.67786425,0.061637368,Ebola
-0.75787264,0.040974624,Ebola
-0.75787264,0.040974624,Ebola
-0.75787264,0.040974624,Ebola
-0.75189674,0.015416769,Ebola
-0.7543444,0.021151235,Ebola
-0.7543444,0.021151235,Ebola
-0.77396184,0.053566113,Ebola
-0.75189674,0.015416769,Ebola
-0.7706012,0.05774331,Ebola
-0.7706012,0.05774331,Ebola
-0.75189674,0.015416769,Ebola
-0.7706012,0.05774331,Ebola
-0.7706012,0.05774331,Ebola
-0.75189674,0.015416769,Ebola
-0.75189674,0.015416769,Ebola
-0.75189674,0.015416769,Ebola
-0.7706012,0.05774331,Ebola
-0.7706012,0.05774331,Ebola
-0.75692767,-0.016201371,Ebola
-0.75189674,0.015416769,Ebola
-0.75189674,0.015416769,Ebola
-0.75189674,0.015416769,Ebola
-0.7706012,0.05774331,Ebola
-0.7069038,-0.07236482,Ebola
-0.76032585,0.015366048,Ebola
-0.75189674,0.015416769,Ebola
-0.7706012,0.05774331,Ebola
-0.7706012,0.05774331,Ebola
-0.75189674,0.015416769,Ebola
-0.75189674,0.015416769,Ebola
-0.7706012,0.05774331,Ebola
-0.7706012,0.05774331,Ebola
-0.77137136,0.034807574,Ebola
-0.7532883,0.00801887,Ebola
-0.7532883,0.00801887,Ebola
-0.7603526,0.026904164,Ebola
-0.60194683,-0.16301593,Ebola
-0.73009807,0.0006448826,Ebola
-0.7366191,-0.014438733,Ebola
-0.7366191,-0.014438733,Ebola
-0.7366191,-0.014438733,Ebola
-0.7342663,-0.006233092,Ebola
-0.72713107,0.01316422,Ebola
-0.7366191,-0.01443857,Ebola
-0.72116965,0.03824722,Ebola
-0.7366191,-0.01443857,Ebola
-0.7366191,-0.01443857,Ebola
-0.7366191,-0.01443857,Ebola
-0.7366191,-0.01443857,Ebola
-0.7366191,-0.01443857,Ebola
-0.74898475,0.021756629,Ebola
-0.62847733,0.054048296,Ebola
-0.7300537,0.011160967,Ebola
-0.7422853,-0.0034675319,Ebola
-0.72875786,0.018959623,Ebola
-0.74225974,0.023554364,Ebola
-0.7300982,0.0006447059,Ebola
-0.72818244,0.011328893,Ebola
-0.72184604,0.026690416,Ebola
-0.7300537,0.011160967,Ebola
-0.7300537,0.011160967,Ebola
-0.72875786,0.018959623,Ebola
-0.7366191,-0.01443857,Ebola
-0.7300537,0.011160967,Ebola
-0.73458695,-0.01628309,Ebola
-0.7300982,0.0006447059,Ebola
-0.73347247,-0.019808087,Ebola
-0.72875786,0.018959623,Ebola
-0.7258573,-0.00503483,Ebola
-0.71590835,-0.00025072182,Ebola
-0.7366191,-0.01443857,Ebola
-0.72184604,0.026690416,Ebola
-0.7366191,-0.01443857,Ebola
-0.7366191,-0.01443857,Ebola
-0.7077306,0.015134567,Ebola
-0.7300982,0.0006447059,Ebola
-0.7300537,0.011160967,Ebola
-0.7300982,0.0006447059,Ebola
-0.7225566,0.01913457,Ebola
-0.73163587,0.020309903,Ebola
-0.7300982,0.0006447059,Ebola
-0.7366191,-0.01443857,Ebola
-0.7007606,0.09968667,Ebola
-0.72875786,0.018959623,Ebola
-0.7366191,-0.01443857,Ebola
-0.7300537,0.011160967,Ebola
-0.73678935,0.018329002,Ebola
-0.7366191,-0.01443857,Ebola
-0.72184604,0.026690416,Ebola
-0.73183614,0.01734038,Ebola
-0.697,0.04178425,Ebola
-0.7366191,-0.01443857,Ebola
-0.7300982,0.0006447059,Ebola
-0.72922856,0.04432269,Ebola
-0.72784,0.006541561,Ebola
-0.7366191,-0.01443857,Ebola
-0.73529524,-0.0065328437,Ebola
-0.7366191,-0.01443857,Ebola
-0.7366191,-0.01443857,Ebola
-0.7366191,-0.01443857,Ebola
-0.7300982,0.0006447059,Ebola
-0.7366191,-0.01443857,Ebola
-0.7366191,-0.01443857,Ebola
-0.7300982,0.0006447059,Ebola
-0.7366191,-0.01443857,Ebola
-0.7121973,0.026095755,Ebola
-0.7300982,0.0006447059,Ebola
-0.7366191,-0.01443857,Ebola
-0.75207996,0.030612476,Ebola
-0.7300982,0.0006447059,Ebola
-0.6019471,-0.16301627,Ebola
-0.7424408,0.0044215503,Ebola
-0.7366191,-0.01443857,Ebola
-0.7366191,-0.01443857,Ebola
-0.7307392,-0.0071477485,Ebola
-0.7366191,-0.01443857,Ebola
-0.73823404,0.022243015,Ebola
-0.7366191,-0.01443857,Ebola
-0.72875786,0.018959623,Ebola
-0.72875786,0.018959623,Ebola
-0.7366191,-0.01443857,Ebola
-0.7368325,0.013020011,Ebola
-0.73529524,-0.0065328437,Ebola
-0.7366191,-0.01443857,Ebola
-0.6913022,-0.000966554,Ebola
-0.7366191,-0.01443857,Ebola
-0.73643583,-0.023698749,Ebola
-0.7300537,0.011160967,Ebola
-0.6939796,0.013203122,Ebola
-0.7300537,0.011160967,Ebola
-0.7300537,0.011160967,Ebola
-0.72394526,0.050290413,Ebola
-0.7300537,0.011160967,Ebola
-0.7261849,0.008204212,Ebola
-0.7238821,0.042728618,Ebola
-0.72875786,0.018959623,Ebola
-0.7300537,0.011160967,Ebola
-0.7300537,0.011160967,Ebola
-0.7300537,0.011160967,Ebola
-0.72875786,0.018959623,Ebola
-0.75342256,0.13968442,Ebola
-0.7300537,0.011160967,Ebola
-0.7225566,0.01913457,Ebola
-0.7300537,0.011160967,Ebola
-0.516891,0.2490132,Ebola
-0.7300537,0.011160967,Ebola
-0.73529524,-0.0065328437,Ebola
-0.6964289,0.043591227,Ebola
-0.7300982,0.0006447059,Ebola
-0.7366191,-0.01443857,Ebola
-0.7366191,-0.01443857,Ebola
-0.7366191,-0.01443857,Ebola
-0.7709337,0.1019597,Ebola
-0.7418378,0.03603916,Ebola
-0.7613944,0.07380395,Ebola
-0.7366191,-0.014438733,Ebola
-0.7366191,-0.014438733,Ebola
-0.7366191,-0.014438733,Ebola
-0.7366191,-0.014438733,Ebola
-0.75787264,0.040974624,Ebola
-0.7656065,0.052082714,Ebola
-0.75787264,0.040974624,Ebola
-0.75787264,0.040974624,Ebola
-0.75787264,0.040974624,Ebola
-0.75787264,0.040974624,Ebola
-0.75787264,0.040974624,Ebola
-0.75350404,0.04594882,Ebola
-0.75787264,0.040974624,Ebola
-0.7622777,0.056196064,Ebola
-0.75787264,0.040974624,Ebola
-0.75787264,0.040974624,Ebola
-0.75787264,0.040974624,Ebola
-0.75787264,0.040974624,Ebola
-0.75787264,0.040974624,Ebola
-0.75787264,0.040974624,Ebola
-0.75787264,0.040974624,Ebola
-0.75787264,0.040974624,Ebola
-0.75787264,0.040974624,Ebola
-0.75787264,0.040974624,Ebola
-0.7531218,0.048918333,Ebola
-0.75787264,0.040974624,Ebola
-0.76224965,0.047655202,Ebola
-0.75787264,0.040974624,Ebola
-0.75787264,0.040974624,Ebola
-0.75787264,0.040974624,Ebola
-0.75787264,0.040974624,Ebola
-0.75787264,0.040974624,Ebola
-0.75787264,0.040974624,Ebola
-0.75787264,0.040974624,Ebola
-0.75787264,0.040974624,Ebola
-0.75787264,0.040974624,Ebola
-0.75787264,0.040974624,Ebola
-0.75787264,0.040974624,Ebola
-0.75787264,0.040974624,Ebola
-0.75787264,0.040974624,Ebola
-0.75787264,0.040974624,Ebola
-0.75787264,0.040974624,Ebola
-0.75787264,0.040974624,Ebola
-0.75787264,0.040974624,Ebola
-0.7622777,0.056196064,Ebola
-0.75787264,0.040974624,Ebola
-0.75787264,0.040974624,Ebola
-0.75787264,0.040974624,Ebola
-0.75787264,0.040974624,Ebola
-0.75787264,0.040974624,Ebola
-0.7720749,0.013715349,Ebola
-0.75787264,0.040974624,Ebola
-0.75787264,0.040974624,Ebola
-0.75787264,0.040974624,Ebola
-0.75787264,0.040974624,Ebola
-0.75787264,0.040974624,Ebola
-0.75787264,0.040974624,Ebola
-0.75787264,0.040974624,Ebola
-0.75787264,0.040974624,Ebola
-0.75787264,0.040974624,Ebola
-0.75787264,0.040974624,Ebola
-0.75787264,0.040974624,Ebola
-0.75787264,0.040974624,Ebola
-0.75787264,0.040974624,Ebola
-0.75787264,0.040974624,Ebola
-0.75787264,0.040974624,Ebola
-0.7546362,0.03474722,Ebola
-0.75787264,0.040974624,Ebola
-0.75787264,0.040974624,Ebola
-0.75787264,0.040974624,Ebola
-0.75787264,0.040974624,Ebola
-0.75787264,0.040974624,Ebola
-0.75787264,0.040974624,Ebola
-0.75787264,0.040974624,Ebola
-0.75787264,0.040974624,Ebola
-0.75787264,0.040974624,Ebola
-0.75787264,0.040974624,Ebola
-0.75350404,0.04594882,Ebola
-0.75787264,0.040974624,Ebola
-0.75787264,0.040974624,Ebola
-0.75787264,0.040974624,Ebola
-0.75787264,0.040974624,Ebola
-0.75787264,0.040974624,Ebola
-0.7637726,0.065891266,Ebola
-0.75787264,0.040974624,Ebola
-0.75787264,0.040974624,Ebola
-0.75787264,0.040974624,Ebola
-0.75787264,0.040974624,Ebola
-0.75787264,0.040974624,Ebola
-0.75787264,0.040974624,Ebola
-0.75787264,0.040974624,Ebola
-0.7972295,0.0415186,Ebola
-0.75787264,0.040974624,Ebola
-0.7844623,0.070939854,Ebola
-0.75902665,0.034804393,Ebola
-0.75787264,0.040974624,Ebola
-0.75787264,0.040974624,Ebola
-0.75787264,0.040974624,Ebola
-0.75787264,0.040974624,Ebola
-0.75787264,0.040974624,Ebola
-0.75787264,0.040974624,Ebola
-0.75787264,0.040974624,Ebola
-0.75787264,0.040974624,Ebola
-0.75787264,0.040974624,Ebola
-0.75787264,0.040974624,Ebola
-0.75327575,0.03315904,Ebola
-0.75787264,0.040974624,Ebola
-0.75787264,0.040974624,Ebola
-0.75787264,0.040974624,Ebola
-0.75787264,0.040974624,Ebola
-0.75787264,0.040974624,Ebola
-0.75787264,0.040974624,Ebola
-0.75787264,0.040974624,Ebola
-0.76762056,0.030925788,Ebola
-0.75787264,0.040974624,Ebola
-0.75787264,0.040974624,Ebola
-0.7622777,0.056196064,Ebola
-0.7622777,0.056196064,Ebola
-0.7622777,0.056196064,Ebola
-0.75787264,0.040974624,Ebola
-0.7692361,0.043243665,Ebola
-0.7622777,0.056196064,Ebola
-0.7622777,0.056196064,Ebola
-0.7622777,0.056196064,Ebola
-0.7622777,0.056196064,Ebola
-0.7622777,0.056196064,Ebola
-0.7622777,0.056196064,Ebola
-0.770719,0.05084787,Ebola
-0.7622777,0.056196064,Ebola
-0.7622777,0.056196064,Ebola
-0.7622777,0.056196064,Ebola
-0.7622777,0.056196064,Ebola
-0.7622777,0.056196064,Ebola
-0.7622777,0.056196064,Ebola
-0.75969994,0.04077898,Ebola
-0.7557838,0.07112003,Ebola
-0.7557838,0.07112003,Ebola
-0.7557838,0.07112003,Ebola
-0.75969994,0.04077898,Ebola
-0.75969994,0.04077898,Ebola
-0.7622777,0.056196064,Ebola
-0.7622777,0.056196064,Ebola
-0.7622777,0.056196064,Ebola
-0.7622777,0.056196064,Ebola
-0.7622777,0.056196064,Ebola
-0.7622777,0.056196064,Ebola
-0.7622777,0.056196064,Ebola
-0.7622777,0.056196064,Ebola
-0.7622777,0.056196064,Ebola
-0.7622777,0.056196064,Ebola
-0.7685374,0.0808092,Ebola
-0.7622777,0.056196064,Ebola
-0.7622777,0.056196064,Ebola
-0.7622777,0.056196064,Ebola
-0.7622777,0.056196064,Ebola
-0.7622777,0.056196064,Ebola
-0.75787264,0.040974624,Ebola
-0.75787264,0.040974624,Ebola
-0.7622777,0.056196064,Ebola
-0.7622777,0.056196064,Ebola
-0.7622777,0.056196064,Ebola
-0.7622777,0.056196064,Ebola
-0.7678218,0.066196695,Ebola
-0.7622777,0.056196064,Ebola
-0.75787264,0.040974624,Ebola
-0.75787264,0.040974624,Ebola
-0.75787264,0.040974624,Ebola
-0.7622777,0.056196064,Ebola
-0.75787264,0.040974624,Ebola
-0.75787264,0.040974624,Ebola
-0.75787264,0.040974624,Ebola
-0.75787264,0.040974624,Ebola
-0.7748046,0.07162464,Ebola
-0.75787264,0.040974624,Ebola
-0.7622777,0.056196064,Ebola
-0.75787264,0.040974624,Ebola
-0.75787264,0.040974624,Ebola
-0.75787264,0.040974624,Ebola
-0.759673,0.045152396,Ebola
-0.75787264,0.040974624,Ebola
-0.75787264,0.040974624,Ebola
-0.75787264,0.040974624,Ebola
-0.75787264,0.040974624,Ebola
-0.7557838,0.07112003,Ebola
-0.7622777,0.056196064,Ebola
-0.7622777,0.056196064,Ebola
-0.7083314,0.04296217,Ebola
-0.75787264,0.040974624,Ebola
-0.75787264,0.040974624,Ebola
-0.76186377,0.042907596,Ebola
-0.7578522,0.049216144,Ebola
-0.7573418,0.06176014,Ebola
-0.75787264,0.040974624,Ebola
-0.75787264,0.040974624,Ebola
-0.76186377,0.042907596,Ebola
-0.75787264,0.040974624,Ebola
-0.7518562,0.043546706,Ebola
-0.77621925,0.15059172,Ebola
-0.7578522,0.049216144,Ebola
-0.75787264,0.040974624,Ebola
-0.75787264,0.040974624,Ebola
-0.75787264,0.040974624,Ebola
-0.75787264,0.040974624,Ebola
-0.75945365,0.071079366,Ebola
-0.75787264,0.040974624,Ebola
-0.7573418,0.06176014,Ebola
-0.75787264,0.040974624,Ebola
-0.75787264,0.040974624,Ebola
-0.75787264,0.040974624,Ebola
-0.7573418,0.06176014,Ebola
-0.75787264,0.040974624,Ebola
-0.7573418,0.06176014,Ebola
-0.75787264,0.040974624,Ebola
-0.75787264,0.040974624,Ebola
-0.75945365,0.071079366,Ebola
-0.7573418,0.06176014,Ebola
-0.75787264,0.040974624,Ebola
-0.7525954,0.045347217,Ebola
-0.7573418,0.06176014,Ebola
-0.7573418,0.06176014,Ebola
-0.7573418,0.06176014,Ebola
-0.75543016,0.05550741,Ebola
-0.7573418,0.06176014,Ebola
-0.7573418,0.06176014,Ebola
-0.75945365,0.071079366,Ebola
-0.75787264,0.040974624,Ebola
-0.75787264,0.040974624,Ebola
-0.75328773,0.046830855,Ebola
-0.75787264,0.040974624,Ebola
-0.75787264,0.040974624,Ebola
-0.75787264,0.040974624,Ebola
-0.75787264,0.040974624,Ebola
-0.7573418,0.06176014,Ebola
-0.75787264,0.040974624,Ebola
-0.7573418,0.06176014,Ebola
-0.75787264,0.040974624,Ebola
-0.75787264,0.040974624,Ebola
-0.75787264,0.040974624,Ebola
-0.75787264,0.040974624,Ebola
-0.75787264,0.040974624,Ebola
-0.7573418,0.06176014,Ebola
-0.75787264,0.040974624,Ebola
-0.76186377,0.042907596,Ebola
-0.75787264,0.040974624,Ebola
-0.76186377,0.042907596,Ebola
-0.7624462,0.07503387,Ebola
-0.75787264,0.040974624,Ebola
-0.7573418,0.06176014,Ebola
-0.75787264,0.040974624,Ebola
-0.7573418,0.06176014,Ebola
-0.7573418,0.06176014,Ebola
-0.7573418,0.06176014,Ebola
-0.7542335,0.04828162,Ebola
-0.75787264,0.040974624,Ebola
-0.75787264,0.040974624,Ebola
-0.75787264,0.040974624,Ebola
-0.7622777,0.056196064,Ebola
-0.7622777,0.056196064,Ebola
-0.75787264,0.040974624,Ebola
-0.75787264,0.040974624,Ebola
-0.75787264,0.040974624,Ebola
-0.75787264,0.040974624,Ebola
-0.76186377,0.042907596,Ebola
-0.75787264,0.040974624,Ebola
-0.75787264,0.040974624,Ebola
-0.75787264,0.040974624,Ebola
-0.75787264,0.040974624,Ebola
-0.75787264,0.040974624,Ebola
-0.75787264,0.040974624,Ebola
-0.75787264,0.040974624,Ebola
-0.75787264,0.040974624,Ebola
-0.7654011,0.04707571,Ebola
-0.75787264,0.040974624,Ebola
-0.76186377,0.042907596,Ebola
-0.75787264,0.040974624,Ebola
-0.75787264,0.040974624,Ebola
-0.75787264,0.040974624,Ebola
-0.75787264,0.040974624,Ebola
-0.75787264,0.040974624,Ebola
-0.7100921,0.040526915,Ebola
-0.75787264,0.040974624,Ebola
-0.7543444,0.021151235,Ebola
-0.7543444,0.021151235,Ebola
-0.76186377,0.042907596,Ebola
-0.75787264,0.040974624,Ebola
-0.7543444,0.021151235,Ebola
-0.75787264,0.040974624,Ebola
-0.7543444,0.021151235,Ebola
-0.7543444,0.021151235,Ebola
-0.75787264,0.040974624,Ebola
-0.75787264,0.040974624,Ebola
-0.75787264,0.040974624,Ebola
-0.75787264,0.040974624,Ebola
-0.75787264,0.040974624,Ebola
-0.75787264,0.040974624,Ebola
-0.75787264,0.040974624,Ebola
-0.7543444,0.021151235,Ebola
-0.75787264,0.040974624,Ebola
-0.75787264,0.040974624,Ebola
-0.75787264,0.040974624,Ebola
-0.75787264,0.040974624,Ebola
-0.75787264,0.040974624,Ebola
-0.75787264,0.040974624,Ebola
-0.75787264,0.040974624,Ebola
-0.7543444,0.021151235,Ebola
-0.75787264,0.040974624,Ebola
-0.75787264,0.040974624,Ebola
-0.75787264,0.040974624,Ebola
-0.7543444,0.021151235,Ebola
-0.75787264,0.040974624,Ebola
-0.75787264,0.040974624,Ebola
-0.75787264,0.040974624,Ebola
-0.7690403,0.039990794,Ebola
-0.75787264,0.040974624,Ebola
-0.75787264,0.040974624,Ebola
-0.75787264,0.040974624,Ebola
-0.75787264,0.040974624,Ebola
-0.75787264,0.040974624,Ebola
-0.76186377,0.042907596,Ebola
-0.7543444,0.021151235,Ebola
-0.75787264,0.040974624,Ebola
-0.7543444,0.021151235,Ebola
-0.7543444,0.021151235,Ebola
-0.7511461,0.022641884,Ebola
-0.75787264,0.040974624,Ebola
-0.75787264,0.040974624,Ebola
-0.75787264,0.040974624,Ebola
-0.75787264,0.040974624,Ebola
-0.76186377,0.042907596,Ebola
-0.75787264,0.040974624,Ebola
-0.7543444,0.021151235,Ebola
-0.75787264,0.040974624,Ebola
-0.75787264,0.040974624,Ebola
-0.75787264,0.040974624,Ebola
-0.75787264,0.040974624,Ebola
-0.75787264,0.040974624,Ebola
-0.75787264,0.040974624,Ebola
-0.75787264,0.040974624,Ebola
-0.75787264,0.040974624,Ebola
-0.75787264,0.040974624,Ebola
-0.75787264,0.040974624,Ebola
-0.75787264,0.040974624,Ebola
-0.75787264,0.040974624,Ebola
-0.75787264,0.040974624,Ebola
-0.75787264,0.040974624,Ebola
-0.75787264,0.040974624,Ebola
-0.7543444,0.021151235,Ebola
-0.75787264,0.040974624,Ebola
-0.75787264,0.040974624,Ebola
-0.7577303,0.045020543,Ebola
-0.75787264,0.040974624,Ebola
-0.75787264,0.040974624,Ebola
-0.75787264,0.040974624,Ebola
-0.75787264,0.040974624,Ebola
-0.7690403,0.039990794,Ebola
-0.75787264,0.040974624,Ebola
-0.7551918,0.03383174,Ebola
-0.75787264,0.040974624,Ebola
-0.75787264,0.040974624,Ebola
-0.7552439,0.032930706,Ebola
-0.7511461,0.022641884,Ebola
-0.75787264,0.040974624,Ebola
-0.75787264,0.040974624,Ebola
-0.75787264,0.040974624,Ebola
-0.75787264,0.040974624,Ebola
-0.76239455,0.052420225,Ebola
-0.75787264,0.040974624,Ebola
-0.75787264,0.040974624,Ebola
-0.76186377,0.042907596,Ebola
-0.7543444,0.021151235,Ebola
-0.7606606,0.041099362,Ebola
-0.7569064,0.035941646,Ebola
-0.75787264,0.040974624,Ebola
-0.7511461,0.022641884,Ebola
-0.75787264,0.040974624,Ebola
-0.75787264,0.040974624,Ebola
-0.74928945,0.04301768,Ebola
-0.7452502,0.04713102,Ebola
-0.75787264,0.040974624,Ebola
-0.75787264,0.040974624,Ebola
-0.75787264,0.040974624,Ebola
-0.76239455,0.052420225,Ebola
-0.76186377,0.042907596,Ebola
-0.76186377,0.042907596,Ebola
-0.76186377,0.042907596,Ebola
-0.76186377,0.042907596,Ebola
-0.75244474,0.03370191,Ebola
-0.75787264,0.040974624,Ebola
-0.75787264,0.040974624,Ebola
-0.75787264,0.040974624,Ebola
-0.75787264,0.040974624,Ebola
-0.75787264,0.040974624,Ebola
-0.7543444,0.021151235,Ebola
-0.7543444,0.021151235,Ebola
-0.75787264,0.040974624,Ebola
-0.75787264,0.040974624,Ebola
-0.75787264,0.040974624,Ebola
-0.75787264,0.040974624,Ebola
-0.74680436,0.043326166,Ebola
-0.75787264,0.040974624,Ebola
-0.75787264,0.040974624,Ebola
-0.7543444,0.021151235,Ebola
-0.75787264,0.040974624,Ebola
-0.75787264,0.040974624,Ebola
-0.75787264,0.040974624,Ebola
-0.75787264,0.040974624,Ebola
-0.75787264,0.040974624,Ebola
-0.75586045,0.048570536,Ebola
-0.75787264,0.040974624,Ebola
-0.70650345,0.042633366,Ebola
-0.75787264,0.040974624,Ebola
-0.75787264,0.040974624,Ebola
-0.75787264,0.040974624,Ebola
-0.75787264,0.040974624,Ebola
-0.7543444,0.021151235,Ebola
-0.7543444,0.021151235,Ebola
-0.7511461,0.022641884,Ebola
-0.75787264,0.040974624,Ebola
-0.75787264,0.040974624,Ebola
-0.75787264,0.040974624,Ebola
-0.75787264,0.040974624,Ebola
-0.7690403,0.039990794,Ebola
-0.75787264,0.040974624,Ebola
-0.7543444,0.021151235,Ebola
-0.7543444,0.021151235,Ebola
-0.75787264,0.040974624,Ebola
-0.7543444,0.021151235,Ebola
-0.7543444,0.021151235,Ebola
-0.7569064,0.035941646,Ebola
-0.7543444,0.021151235,Ebola
-0.75633556,0.028469222,Ebola
-0.75787264,0.040974624,Ebola
-0.75787264,0.040974624,Ebola
-0.75787264,0.040974624,Ebola
-0.7543444,0.021151235,Ebola
-0.7598403,0.046385057,Ebola
-0.75787264,0.040974624,Ebola
-0.75633556,0.028469222,Ebola
-0.75787264,0.040974624,Ebola
-0.7543444,0.021151235,Ebola
-0.75787264,0.040974624,Ebola
-0.75787264,0.040974624,Ebola
-0.75787264,0.040974624,Ebola
-0.75787264,0.040974624,Ebola
-0.75787264,0.040974624,Ebola
-0.7552439,0.032930706,Ebola
-0.75787264,0.040974624,Ebola
-0.75787264,0.040974624,Ebola
-0.7690403,0.039990794,Ebola
-0.75787264,0.040974624,Ebola
-0.7577303,0.045020543,Ebola
-0.7543444,0.021151235,Ebola
-0.75787264,0.040974624,Ebola
-0.7543444,0.021151235,Ebola
-0.7543444,0.021151235,Ebola
-0.75787264,0.040974624,Ebola
-0.75787264,0.040974624,Ebola
-0.75787264,0.040974624,Ebola
-0.75787264,0.040974624,Ebola
-0.75787264,0.040974624,Ebola
-0.75787264,0.040974624,Ebola
-0.75787264,0.040974624,Ebola
-0.75787264,0.040974624,Ebola
-0.75787264,0.040974624,Ebola
-0.75787264,0.040974624,Ebola
-0.74362177,0.042213265,Ebola
-0.75787264,0.040974624,Ebola
-0.75787264,0.040974624,Ebola
-0.75787264,0.040974624,Ebola
-0.74689656,0.029463274,Ebola
-0.7582712,0.023077095,Ebola
-0.75787264,0.040974624,Ebola
-0.75787264,0.040974624,Ebola
-0.75787264,0.040974624,Ebola
-0.75787264,0.040974624,Ebola
-0.75787264,0.040974624,Ebola
-0.75787264,0.040974624,Ebola
-0.74362177,0.042213265,Ebola
-0.75674653,0.041600548,Ebola
-0.75674653,0.041600548,Ebola
-0.69051105,0.075973265,Ebola
-0.76364464,0.05084302,Ebola
-0.75674653,0.041600548,Ebola
-0.75674653,0.041600548,Ebola
-0.75787264,0.040974624,Ebola
-0.75787264,0.040974624,Ebola
-0.75787264,0.040974624,Ebola
-0.75787264,0.040974624,Ebola
-0.74689656,0.029463274,Ebola
-0.75787264,0.040974624,Ebola
-0.75787264,0.040974624,Ebola
-0.75787264,0.040974624,Ebola
-0.76364464,0.05084302,Ebola
-0.75787264,0.040974624,Ebola
-0.75787264,0.040974624,Ebola
-0.74689656,0.029463274,Ebola
-0.75787264,0.040974624,Ebola
-0.75787264,0.040974624,Ebola
-0.75787264,0.040974624,Ebola
-0.73292404,0.037840527,Ebola
-0.75787264,0.040974624,Ebola
-0.74362177,0.042213265,Ebola
-0.75787264,0.040974624,Ebola
-0.75787264,0.040974624,Ebola
-0.74689656,0.029463274,Ebola
-0.75787264,0.040974624,Ebola
-0.75787264,0.040974624,Ebola
-0.74362177,0.042213265,Ebola
-0.75787264,0.040974624,Ebola
-0.75787264,0.040974624,Ebola
-0.75787264,0.040974624,Ebola
-0.74362177,0.042213265,Ebola
-0.74689656,0.029463274,Ebola
-0.74689656,0.029463274,Ebola
-0.75787264,0.040974624,Ebola
-0.75787264,0.040974624,Ebola
-0.75787264,0.040974624,Ebola
-0.75787264,0.040974624,Ebola
-0.75787264,0.040974624,Ebola
-0.75787264,0.040974624,Ebola
-0.75787264,0.040974624,Ebola
-0.75787264,0.040974624,Ebola
-0.75787264,0.040974624,Ebola
-0.75787264,0.040974624,Ebola
-0.75787264,0.040974624,Ebola
-0.75787264,0.040974624,Ebola
-0.75787264,0.040974624,Ebola
-0.75787264,0.040974624,Ebola
-0.75787264,0.040974624,Ebola
-0.75787264,0.040974624,Ebola
-0.75787264,0.040974624,Ebola
-0.75787264,0.040974624,Ebola
-0.74362177,0.042213265,Ebola
-0.75787264,0.040974624,Ebola
-0.7634702,0.044052213,Ebola
-0.75787264,0.040974624,Ebola
-0.75787264,0.040974624,Ebola
-0.75787264,0.040974624,Ebola
-0.75787264,0.040974624,Ebola
-0.74362177,0.042213265,Ebola
-0.75787264,0.040974624,Ebola
-0.74362177,0.042213265,Ebola
-0.75787264,0.040974624,Ebola
-0.75787264,0.040974624,Ebola
-0.746231,0.04377437,Ebola
-0.75787264,0.040974624,Ebola
-0.75787264,0.040974624,Ebola
-0.75787264,0.040974624,Ebola
-0.75787264,0.040974624,Ebola
-0.74362177,0.042213265,Ebola
-0.75414854,0.036816675,Ebola
-0.74362177,0.042213265,Ebola
-0.73643756,0.04134459,Ebola
-0.75787264,0.040974624,Ebola
-0.75787264,0.040974624,Ebola
-0.75787264,0.040974624,Ebola
-0.7336799,0.018196754,Ebola
-0.75787264,0.040974624,Ebola
-0.75787264,0.040974624,Ebola
-0.75787264,0.040974624,Ebola
-0.75787264,0.040974624,Ebola
-0.75787264,0.040974624,Ebola
-0.75787264,0.040974624,Ebola
-0.75787264,0.040974624,Ebola
-0.75787264,0.040974624,Ebola
-0.75787264,0.040974624,Ebola
-0.75787264,0.040974624,Ebola
-0.7488091,0.029755782,Ebola
-0.75787264,0.040974624,Ebola
-0.75787264,0.040974624,Ebola
-0.74362177,0.042213265,Ebola
-0.75787264,0.040974624,Ebola
-0.75787264,0.040974624,Ebola
-0.75787264,0.040974624,Ebola
-0.75787264,0.040974624,Ebola
-0.75787264,0.040974624,Ebola
-0.75787264,0.040974624,Ebola
-0.74362177,0.042213265,Ebola
-0.75787264,0.040974624,Ebola
-0.75787264,0.040974624,Ebola
-0.75787264,0.040974624,Ebola
-0.7608649,0.06378293,Ebola
-0.74362177,0.042213265,Ebola
-0.75787264,0.040974624,Ebola
-0.75787264,0.040974624,Ebola
-0.75787264,0.040974624,Ebola
-0.75787264,0.040974624,Ebola
-0.75787264,0.040974624,Ebola
-0.7547822,0.037584823,Ebola
-0.75787264,0.040974624,Ebola
-0.75787264,0.040974624,Ebola
-0.75787264,0.040974624,Ebola
-0.75787264,0.040974624,Ebola
-0.75787264,0.040974624,Ebola
-0.74362177,0.042213265,Ebola
-0.74362177,0.042213265,Ebola
-0.75787264,0.040974624,Ebola
-0.7327772,0.0355863,Ebola
-0.75787264,0.040974624,Ebola
-0.75787264,0.040974624,Ebola
-0.75787264,0.040974624,Ebola
-0.74362177,0.042213265,Ebola
-0.74362177,0.042213265,Ebola
-0.74362177,0.042213265,Ebola
-0.7577347,0.047310848,Ebola
-0.75787264,0.040974624,Ebola
-0.75787264,0.040974624,Ebola
-0.75787264,0.040974624,Ebola
-0.75787264,0.040974624,Ebola
-0.75787264,0.040974624,Ebola
-0.75787264,0.040974624,Ebola
-0.75787264,0.040974624,Ebola
-0.75787264,0.040974624,Ebola
-0.75787264,0.040974624,Ebola
-0.75787264,0.040974624,Ebola
-0.75787264,0.040974624,Ebola
-0.75787264,0.040974624,Ebola
-0.75787264,0.040974624,Ebola
-0.75787264,0.040974624,Ebola
-0.75787264,0.040974624,Ebola
-0.75787264,0.040974624,Ebola
-0.75787264,0.040974624,Ebola
-0.75787264,0.040974624,Ebola
-0.75787264,0.040974624,Ebola
-0.75787264,0.040974624,Ebola
-0.75787264,0.040974624,Ebola
-0.75787264,0.040974624,Ebola
-0.75787264,0.040974624,Ebola
-0.75787264,0.040974624,Ebola
-0.73292404,0.037840527,Ebola
-0.7553608,0.047022823,Ebola
-0.75787264,0.040974624,Ebola
-0.75787264,0.040974624,Ebola
-0.75787264,0.040974624,Ebola
-0.75787264,0.040974624,Ebola
-0.74362177,0.042213265,Ebola
-0.75787264,0.040974624,Ebola
-0.7628433,0.057038825,Ebola
-0.75787264,0.040974624,Ebola
-0.75787264,0.040974624,Ebola
-0.75787264,0.040974624,Ebola
-0.75787264,0.040974624,Ebola
-0.75787264,0.040974624,Ebola
-0.75787264,0.040974624,Ebola
-0.75787264,0.040974624,Ebola
-0.75787264,0.040974624,Ebola
-0.75787264,0.040974624,Ebola
-0.75787264,0.040974624,Ebola
-0.75787264,0.040974624,Ebola
-0.75787264,0.040974624,Ebola
-0.75787264,0.040974624,Ebola
-0.75787264,0.040974624,Ebola
-0.75787264,0.040974624,Ebola
-0.75787264,0.040974624,Ebola
-0.75787264,0.040974624,Ebola
-0.75787264,0.040974624,Ebola
-0.75787264,0.040974624,Ebola
-0.75787264,0.040974624,Ebola
-0.75787264,0.040974624,Ebola
-0.75787264,0.040974624,Ebola
-0.75787264,0.040974624,Ebola
-0.75787264,0.040974624,Ebola
-0.75787264,0.040974624,Ebola
-0.79664314,0.059218105,Ebola
-0.75787264,0.040974624,Ebola
-0.75787264,0.040974624,Ebola
-0.75787264,0.040974624,Ebola
-0.75787264,0.040974624,Ebola
-0.75787264,0.040974624,Ebola
-0.75787264,0.040974624,Ebola
-0.75787264,0.040974624,Ebola
-0.75787264,0.040974624,Ebola
-0.75787264,0.040974624,Ebola
-0.75787264,0.040974624,Ebola
-0.75787264,0.040974624,Ebola
-0.75787264,0.040974624,Ebola
-0.75787264,0.040974624,Ebola
-0.75787264,0.040974624,Ebola
-0.75787264,0.040974624,Ebola
-0.75787264,0.040974624,Ebola
-0.75787264,0.040974624,Ebola
-0.75787264,0.040974624,Ebola
-0.75787264,0.040974624,Ebola
-0.75787264,0.040974624,Ebola
-0.75787264,0.040974624,Ebola
-0.75787264,0.040974624,Ebola
-0.75787264,0.040974624,Ebola
-0.75787264,0.040974624,Ebola
-0.75787264,0.040974624,Ebola
-0.75787264,0.040974624,Ebola
-0.75787264,0.040974624,Ebola
-0.75787264,0.040974624,Ebola
-0.75787264,0.040974624,Ebola
-0.75787264,0.040974624,Ebola
-0.75787264,0.040974624,Ebola
-0.75787264,0.040974624,Ebola
-0.75787264,0.040974624,Ebola
-0.75787264,0.040974624,Ebola
-0.75787264,0.040974624,Ebola
-0.75787264,0.040974624,Ebola
-0.75787264,0.040974624,Ebola
-0.75787264,0.040974624,Ebola
-0.75787264,0.040974624,Ebola
-0.75787264,0.040974624,Ebola
-0.75787264,0.040974624,Ebola
-0.75787264,0.040974624,Ebola
-0.75787264,0.040974624,Ebola
-0.75787264,0.040974624,Ebola
-0.75787264,0.040974624,Ebola
-0.75787264,0.040974624,Ebola
-0.75787264,0.040974624,Ebola
-0.75787264,0.040974624,Ebola
-0.75787264,0.040974624,Ebola
-0.75787264,0.040974624,Ebola
-0.75787264,0.040974624,Ebola
-0.75787264,0.040974624,Ebola
-0.75787264,0.040974624,Ebola
-0.75787264,0.040974624,Ebola
-0.75787264,0.040974624,Ebola
-0.75787264,0.040974624,Ebola
-0.7251205,0.07819181,Ebola
-0.7666931,0.051126428,Ebola
-0.6688256,-0.019338468,Ebola
-0.7595193,0.047895703,Ebola
-0.75787264,0.040974624,Ebola
-0.75787264,0.040974624,Ebola
-0.75787264,0.040974624,Ebola
-0.73332214,0.032061536,Ebola
-0.75787264,0.040974624,Ebola
-0.75787264,0.040974624,Ebola
-0.7205933,0.01641259,Ebola
-0.72246134,0.0019162978,Ebola
-0.75787264,0.040974624,Ebola
-0.75787264,0.040974624,Ebola
-0.75787264,0.040974624,Ebola
-0.75787264,0.040974624,Ebola
-0.7367994,0.04968613,Ebola
-0.75787264,0.040974624,Ebola
-0.75787264,0.040974624,Ebola
-0.7515759,0.05604345,Ebola
-0.75787264,0.040974624,Ebola
-0.75787264,0.040974624,Ebola
-0.75787264,0.040974624,Ebola
-0.75787264,0.040974624,Ebola
-0.75787264,0.040974624,Ebola
-0.75787264,0.040974624,Ebola
-0.75787264,0.040974624,Ebola
-0.75787264,0.040974624,Ebola
-0.75787264,0.040974624,Ebola
-0.7566936,0.06334919,Ebola
-0.75787264,0.040974624,Ebola
-0.75787264,0.040974624,Ebola
-0.75787264,0.040974624,Ebola
-0.75787264,0.040974624,Ebola
-0.75787264,0.040974624,Ebola
-0.75787264,0.040974624,Ebola
-0.7498785,0.050128024,Ebola
-0.75787264,0.040974624,Ebola
-0.75787264,0.040974624,Ebola
-0.75787264,0.040974624,Ebola
-0.75787264,0.040974624,Ebola
-0.75787264,0.040974624,Ebola
-0.75787264,0.040974624,Ebola
-0.75787264,0.040974624,Ebola
-0.75787264,0.040974624,Ebola
-0.7023323,0.009856135,Ebola
-0.75787264,0.040974624,Ebola
-0.75787264,0.040974624,Ebola
-0.75787264,0.040974624,Ebola
-0.77522707,0.04366828,Ebola
-0.75787264,0.040974624,Ebola
-0.75787264,0.040974624,Ebola
-0.73027563,0.011836052,Ebola
-0.74035794,0.024630358,Ebola
-0.7844892,0.07748946,Ebola
-0.75787264,0.040974624,Ebola
-0.7785406,0.08138174,Ebola
-0.75787264,0.040974624,Ebola
-0.7570242,0.08521148,Ebola
-0.75195134,0.018648205,Ebola
-0.7346369,0.04178701,Ebola
-0.75787264,0.040974624,Ebola
-0.75787264,0.040974624,Ebola
-0.75787264,0.040974624,Ebola
-0.75787264,0.040974624,Ebola
-0.75787264,0.040974624,Ebola
-0.7118223,0.019074248,Ebola
-0.75787264,0.040974624,Ebola
-0.75787264,0.040974624,Ebola
-0.73266953,0.017959906,Ebola
-0.75787264,0.040974624,Ebola
-0.74300164,0.023144552,Ebola
-0.75787264,0.040974624,Ebola
-0.75787264,0.040974624,Ebola
-0.6945478,-0.014924565,Ebola
-0.75787264,0.040974624,Ebola
-0.75787264,0.040974624,Ebola
-0.75787264,0.040974624,Ebola
-0.73971343,0.034302756,Ebola
-0.75787264,0.040974624,Ebola
-0.76239455,0.052420225,Ebola
-0.7581894,0.033308808,Ebola
-0.75787264,0.040974624,Ebola
-0.75787264,0.040974624,Ebola
-0.75787264,0.040974624,Ebola
-0.75787264,0.040974624,Ebola
-0.75787264,0.040974624,Ebola
-0.75787264,0.040974624,Ebola
-0.76186377,0.042907596,Ebola
-0.76245576,0.052222148,Ebola
-0.76186377,0.042907596,Ebola
-0.7628433,0.057038825,Ebola
-0.75787264,0.040974624,Ebola
-0.75787264,0.040974624,Ebola
-0.7040039,0.0046239314,Ebola
-0.756522,0.02747708,Ebola
-0.75256234,0.0011599717,Ebola
-0.75787264,0.040974624,Ebola
-0.7239461,0.008656146,Ebola
-0.7462925,0.051704824,Ebola
-0.7543444,0.021151235,Ebola
-0.7196674,-0.0043661552,Ebola
-0.75787264,0.040974624,Ebola
-0.7799533,0.07903183,Ebola
-0.82524085,0.068256,Ebola
-0.75787264,0.040974624,Ebola
-0.76186377,0.042907596,Ebola
-0.76725817,0.052589405,Ebola
-0.72836477,0.012610841,Ebola
-0.75787264,0.040974624,Ebola
-0.75787264,0.040974624,Ebola
-0.76725817,0.052589405,Ebola
-0.76083565,0.04737891,Ebola
-0.7264919,0.0072618863,Ebola
-0.75787264,0.040974624,Ebola
-0.71052694,0.025861526,Ebola
-0.7646103,0.049562447,Ebola
-0.76725817,0.052589405,Ebola
-0.6047018,-0.1145125,Ebola
-0.75787264,0.040974624,Ebola
-0.75787264,0.040974624,Ebola
-0.76186377,0.042907596,Ebola
-0.75787264,0.040974624,Ebola
-0.75787264,0.040974624,Ebola
-0.75787264,0.040974624,Ebola
-0.75787264,0.040974624,Ebola
-0.75787264,0.040974624,Ebola
-0.75787264,0.040974624,Ebola
-0.7698796,0.05535746,Ebola
-0.75787264,0.040974624,Ebola
-0.75787264,0.040974624,Ebola
-0.75787264,0.040974624,Ebola
-0.75137526,0.030119753,Ebola
-0.787586,0.07917643,Ebola
-0.75399363,0.04471322,Ebola
-0.7583763,0.018983616,Ebola
-0.75787264,0.040974624,Ebola
-0.75787264,0.040974624,Ebola
-0.75049865,0.03338227,Ebola
-0.75787264,0.040974624,Ebola
-0.7543444,0.021151235,Ebola
-0.75787264,0.040974624,Ebola
-0.75787264,0.040974624,Ebola
-0.7543444,0.021151235,Ebola
-0.75787264,0.040974624,Ebola
-0.75787264,0.040974624,Ebola
-0.77955663,0.06986759,Ebola
-0.73818415,0.011943854,Ebola
-0.7574546,0.02118939,Ebola
-0.76596534,0.029614953,Ebola
-0.7143121,0.052142285,Ebola
-0.7620974,0.050193828,Ebola
-0.70717657,0.04131092,Ebola
-0.70717657,0.04131092,Ebola
-0.7072368,0.041409723,Ebola
-0.70929384,0.02092983,Ebola
-0.7072368,0.041409723,Ebola
-0.70575625,0.032284603,Ebola
-0.70717657,0.04131092,Ebola
-0.7568477,0.018067168,Ebola
-0.7568477,0.018067168,Ebola
-0.75589705,0.040877935,Ebola
-0.7551166,0.041733682,Ebola
-0.74763167,0.011316678,Ebola
-0.76002896,0.02086281,Ebola
-0.7506424,0.017154053,Ebola
-0.70569444,0.04325466,Ebola
-0.75589705,0.040877935,Ebola
-0.7506424,0.017154053,Ebola
-0.7620974,0.050193932,Ebola
-0.76264113,0.04015102,Ebola
-0.7561864,0.03118567,Ebola
-0.7591766,0.021277715,Ebola
-0.7671217,0.017500388,Ebola
-0.69847286,0.034036145,Ebola
-0.7058316,0.043686505,Ebola
-0.74967647,0.042197213,Ebola
-0.7510271,0.03179958,Ebola
-0.75589705,0.040877935,Ebola
-0.76002896,0.02086281,Ebola
-0.7580085,0.03139496,Ebola
-0.7580085,0.03139496,Ebola
-0.7580085,0.03139496,Ebola
-0.76686484,0.04145599,Ebola
-0.76596534,0.029614702,Ebola
-0.7642505,0.040239938,Ebola
-0.7685617,0.02681684,Ebola
-0.74936116,0.008676841,Ebola
-0.76002896,0.02086281,Ebola
-0.74418086,0.03342643,Ebola
-0.7520532,0.021117983,Ebola
-0.7457044,0.03862576,Ebola
-0.74616086,-0.0012534376,Ebola
-0.70717657,0.041310992,Ebola
-0.75155336,0.032144096,Ebola
-0.70717657,0.041310992,Ebola
-0.75589705,0.040877935,Ebola
-0.75589705,0.040877935,Ebola
-0.74936116,0.008676841,Ebola
-0.7510271,0.03179958,Ebola
-0.75198764,0.03522465,Ebola
-0.7628103,0.050015774,Ebola
-0.76132023,0.042358026,Ebola
-0.75589705,0.040877935,Ebola
-0.75589705,0.040877935,Ebola
-0.7520532,0.021117983,Ebola
-0.7503081,0.0419424,Ebola
-0.7558972,0.040878143,Ebola
-0.7558972,0.040878143,Ebola
-0.7515535,0.032144096,Ebola
-0.7551167,0.041733544,Ebola
-0.76281035,0.050015774,Ebola
-0.7558972,0.040878143,Ebola
-0.74900913,0.021639282,Ebola
-0.7510272,0.031799674,Ebola
-0.7558972,0.040878143,Ebola
-0.7558972,0.040878143,Ebola
-0.755404,0.02828517,Ebola
-0.7558972,0.040878143,Ebola
-0.7558972,0.040878143,Ebola
-0.7558972,0.040878143,Ebola
-0.7642506,0.04023976,Ebola
-0.75800836,0.03139501,Ebola
-0.7142709,0.05133139,Ebola
-0.7076859,0.031607296,Ebola
-0.7124183,0.04294465,Ebola
-0.70723706,0.0414095,Ebola
-0.7124183,0.04294465,Ebola
-0.74986035,0.0644404,Ebola
-0.70575607,0.032284487,Ebola
-0.69847286,0.034036145,Ebola
-0.70575607,0.032284487,Ebola
-0.70575607,0.032284487,Ebola
-0.75699306,0.07245526,Ebola
-0.70723706,0.0414095,Ebola
-0.7628103,0.050015774,Ebola
-0.75589705,0.040877935,Ebola
-0.7550998,0.027429614,Ebola
-0.7507228,0.017215734,Ebola
-0.75589705,0.040877935,Ebola
-0.7506424,0.017154053,Ebola
-0.70717657,0.041310992,Ebola
-0.7628103,0.050015774,Ebola
-0.7558469,0.06106813,Ebola
-0.7628103,0.050015774,Ebola
-0.7143121,0.052142415,Ebola
-0.76195025,0.045337785,Ebola
-0.7628103,0.050015774,Ebola
-0.75589705,0.040877935,Ebola
-0.75155336,0.032144096,Ebola
-0.75589705,0.040877935,Ebola
-0.75155336,0.032144096,Ebola
-0.75589705,0.040877935,Ebola
-0.75155336,0.032144096,Ebola
-0.7628103,0.050015774,Ebola
-0.7558972,0.040878143,Ebola
-0.69997114,0.033150837,Ebola
-0.7142709,0.051331654,Ebola
-0.70650345,0.042633366,Ebola
-0.7142709,0.051331654,Ebola
-0.7558972,0.040878143,Ebola
-0.7459429,0.03259754,Ebola
-0.70575625,0.032284603,Ebola
-0.7072368,0.041409723,Ebola
-0.7142709,0.051331654,Ebola
-0.7589795,0.04542283,Ebola
-0.7683568,0.06761314,Ebola
-0.7558972,0.040878143,Ebola
-0.7683568,0.06761314,Ebola
-0.74882376,0.01881473,Ebola
-0.7558972,0.040878143,Ebola
-0.7558972,0.040878143,Ebola
-0.7520532,0.0211182,Ebola
-0.7558972,0.040878143,Ebola
-0.76360136,0.04649866,Ebola
-0.75114864,0.03571892,Ebola
-0.74616086,-0.0012532758,Ebola
-0.7515535,0.032144096,Ebola
-0.7558972,0.040878143,Ebola
-0.7142709,0.051331654,Ebola
-0.7558972,0.040878143,Ebola
-0.7532883,0.00801887,Ebola
-0.74616086,-0.0012532758,Ebola
-0.7591334,0.030681046,Ebola
-0.74936104,0.008676909,Ebola
-0.7502445,0.0015740904,Ebola
-0.7520532,0.0211182,Ebola
-0.7555113,0.001294165,Ebola
-0.75364625,-0.0072212326,Ebola
-0.75289094,-0.010203806,Ebola
-0.7502445,0.0015742519,Ebola
-0.7527353,0.0029318254,Ebola
-0.7493612,0.008676916,Ebola
-0.7544625,0.011446839,Ebola
-0.7520532,0.021118017,Ebola
-0.7493612,0.008676916,Ebola
-0.7502445,0.0015742519,Ebola
-0.70717674,0.041311212,Ebola
-0.70717674,0.041311212,Ebola
-0.75244534,0.0202139,Ebola
-0.70768607,0.03160737,Ebola
-0.70717674,0.041311212,Ebola
-0.70717674,0.041311212,Ebola
-0.7076859,0.031607296,Ebola
-0.75155336,0.032144096,Ebola
-0.7628103,0.050015774,Ebola
-0.7628103,0.050015774,Ebola
-0.76360154,0.04649861,Ebola
-0.75155336,0.032144096,Ebola
-0.7580085,0.03139496,Ebola
-0.7580085,0.03139496,Ebola
-0.7076859,0.031607296,Ebola
-0.75589705,0.040877935,Ebola
-0.7502446,0.0015739878,Ebola
-0.70723706,0.0414095,Ebola
-0.7628103,0.050015774,Ebola
-0.76174486,0.035394713,Ebola
-0.75589705,0.040877935,Ebola
-0.7424857,0.03244101,Ebola
-0.75727135,0.02732895,Ebola
-0.76281035,0.050015774,Ebola
-0.7141043,0.036351074,Ebola
-0.7072368,0.041409723,Ebola
-0.7514462,0.036104657,Ebola
-0.7103787,0.04416974,Ebola
-0.7514462,0.036104657,Ebola
-0.70717657,0.04131092,Ebola
-0.69997114,0.033150837,Ebola
-0.7076857,0.031607177,Ebola
-0.7558972,0.040878143,Ebola
-0.75800836,0.03139501,Ebola
-0.7558972,0.040878143,Ebola
-0.75800836,0.03139501,Ebola
-0.74653655,0.039690796,Ebola
-0.75800836,0.03139501,Ebola
-0.7558972,0.040878143,Ebola
-0.7515535,0.032144096,Ebola
-0.7558972,0.040878143,Ebola
-0.7575052,0.008133194,Ebola
-0.7558972,0.040878143,Ebola
-0.76281035,0.050015774,Ebola
-0.75723016,0.039270338,Ebola
-0.75619787,0.02854776,Ebola
-0.75787264,0.040974624,Ebola
-0.76281035,0.050015774,Ebola
-0.7558972,0.040878143,Ebola
-0.76648545,0.066983804,Ebola
-0.7558972,0.040878143,Ebola
-0.762641,0.040150773,Ebola
-0.7558972,0.040878143,Ebola
-0.76148856,0.034549464,Ebola
-0.75448656,0.025336923,Ebola
-0.76148885,0.03454942,Ebola
-0.75589705,0.040877935,Ebola
-0.7628103,0.050015774,Ebola
-0.75589705,0.040877935,Ebola
-0.75589705,0.040877935,Ebola
-0.75589705,0.040877935,Ebola
-0.75155336,0.032144096,Ebola
-0.75589705,0.040877935,Ebola
-0.75155336,0.032144096,Ebola
-0.7551166,0.041733682,Ebola
-0.7551166,0.041733682,Ebola
-0.75155336,0.032144096,Ebola
-0.75589705,0.040877935,Ebola
-0.7797751,0.06069517,Ebola
-0.75589705,0.040877935,Ebola
-0.7558972,0.040878143,Ebola
-0.7546165,0.041622557,Ebola
-0.75787264,0.040974624,Ebola
-0.76281035,0.050015774,Ebola
-0.7558972,0.040878143,Ebola
-0.7551167,0.041733544,Ebola
-0.7054029,0.032430004,Ebola
-0.75224984,-0.009563184,Ebola
-0.7591766,0.02127773,Ebola
-0.7551167,0.041733544,Ebola
-0.7551167,0.041733544,Ebola
-0.75618666,0.031185478,Ebola
-0.75762254,0.022601796,Ebola
-0.7591766,0.02127773,Ebola
-0.7591766,0.02127773,Ebola
-0.7671215,0.017500473,Ebola
-0.7591766,0.021277715,Ebola
-0.7510271,0.03179958,Ebola
-0.7515952,0.02173036,Ebola
-0.745943,0.03259765,Ebola
-0.70717657,0.041310992,Ebola
-0.6999713,0.033150677,Ebola
-0.75155336,0.032144096,Ebola
-0.7551166,0.041733682,Ebola
-0.75893056,0.04563446,Ebola
-0.745943,0.03259765,Ebola
-0.75589705,0.040877935,Ebola
-0.6999713,0.033150677,Ebola
-0.75589705,0.040877935,Ebola
-0.7561864,0.03118567,Ebola
-0.6850075,-0.19127041,Ebola
-0.7510271,0.03179958,Ebola
-0.7558972,0.040878143,Ebola
-0.75727135,0.02732895,Ebola
-0.76281035,0.050015774,Ebola
-0.7551167,0.041733544,Ebola
-0.758134,0.040674824,Ebola
-0.75618666,0.031185478,Ebola
-0.75618666,0.031185478,Ebola
-0.7551167,0.041733544,Ebola
-0.7551167,0.041733544,Ebola
-0.7522531,0.010092139,Ebola
-0.7552255,0.026265435,Ebola
-0.75064206,0.017154492,Ebola
-0.76281035,0.050015774,Ebola
-0.76281035,0.050015774,Ebola
-0.7551167,0.041733544,Ebola
-0.7529225,0.010963112,Ebola
-0.74763185,0.011316844,Ebola
-0.7551167,0.041733544,Ebola
-0.7551167,0.041733544,Ebola
-0.7551167,0.041733544,Ebola
-0.76281035,0.050015774,Ebola
-0.7510272,0.031799674,Ebola
-0.75684756,0.01806718,Ebola
-0.7552255,0.026265435,Ebola
-0.75787264,0.040974624,Ebola
-0.76281035,0.050015774,Ebola
-0.75787264,0.040974624,Ebola
-0.76281035,0.050015774,Ebola
-0.76281035,0.050015774,Ebola
-0.7433573,0.05149662,Ebola
-0.7552255,0.026265435,Ebola
-0.75727135,0.02732895,Ebola
-0.76238656,0.03679321,Ebola
-0.7628103,0.050015774,Ebola
-0.7628103,0.050015774,Ebola
-0.7628103,0.050015774,Ebola
-0.7628103,0.050015774,Ebola
-0.7628103,0.050015774,Ebola
-0.7628103,0.050015774,Ebola
-0.7628103,0.050015774,Ebola
-0.7580085,0.03139496,Ebola
-0.75589705,0.040877935,Ebola
-0.7512758,0.03646721,Ebola
-0.7556626,0.045286037,Ebola
-0.75532216,0.04032425,Ebola
-0.75589705,0.040877935,Ebola
-0.75589705,0.040877935,Ebola
-0.75589705,0.040877935,Ebola
-0.7558972,0.040878143,Ebola
-0.7520532,0.0211182,Ebola
-0.7520532,0.0211182,Ebola
-0.74648774,0.0025118592,Ebola
-0.7558972,0.040878143,Ebola
-0.74936104,0.008676909,Ebola
-0.7520532,0.0211182,Ebola
-0.7627406,0.028680725,Ebola
-0.7532883,0.00801887,Ebola
-0.75787264,0.040974624,Ebola
-0.7142709,0.051331654,Ebola
-0.7558972,0.040878143,Ebola
-0.7558972,0.040878143,Ebola
-0.74648774,0.0025118592,Ebola
-0.70575625,0.032284603,Ebola
-0.70575625,0.032284603,Ebola
-0.7076859,0.031607296,Ebola
-0.7569371,0.038101956,Ebola
-0.70717657,0.041310992,Ebola
-0.7540926,0.060139235,Ebola
-0.75367284,0.026734764,Ebola
-0.7558469,0.06106813,Ebola
-0.7580085,0.03139496,Ebola
-0.7076859,0.031607296,Ebola
-0.75589705,0.040877935,Ebola
-0.70575607,0.032284487,Ebola
-0.7076859,0.031607296,Ebola
-0.7628103,0.050015774,Ebola
-0.7628103,0.050015774,Ebola
-0.70723706,0.0414095,Ebola
-0.70723706,0.0414095,Ebola
-0.7142709,0.05133139,Ebola
-0.7143121,0.052142285,Ebola
-0.76281035,0.050015774,Ebola
-0.69850695,0.027195232,Ebola
-0.7166448,0.029593766,Ebola
-0.76281035,0.050015774,Ebola
-0.7558972,0.040878143,Ebola
-0.7545779,0.04873035,Ebola
-0.7558972,0.040878143,Ebola
-0.7558972,0.040878143,Ebola
-0.7558972,0.040878143,Ebola
-0.7558972,0.040878143,Ebola
-0.7591334,0.030681046,Ebola
-0.7543444,0.021151235,Ebola
-0.77370465,0.029862653,Ebola
-0.76281035,0.050015774,Ebola
-0.75787264,0.040974624,Ebola
-0.7501424,0.031130632,Ebola
-0.7573743,0.03520576,Ebola
-0.7505894,0.026680058,Ebola
-0.7034715,0.033383206,Ebola
-0.7076859,0.031607296,Ebola
-0.7535859,0.03394507,Ebola
-0.71284175,0.052536935,Ebola
-0.7143121,0.052142415,Ebola
-0.7142709,0.05133139,Ebola
-0.7142709,0.05133139,Ebola
-0.7142709,0.05133139,Ebola
-0.7142709,0.05133139,Ebola
-0.70575607,0.032284487,Ebola
-0.7142709,0.05133139,Ebola
-0.7144354,0.04165626,Ebola
-0.7076859,0.031607296,Ebola
-0.71830344,0.00992444,Ebola
-0.70575607,0.032284487,Ebola
-0.7037577,0.03683868,Ebola
-0.7034715,0.033383206,Ebola
-0.70575607,0.032284487,Ebola
-0.7034715,0.033383206,Ebola
-0.7143121,0.052142415,Ebola
-0.7142709,0.05133139,Ebola
-0.7142709,0.05133139,Ebola
-0.7142709,0.05133139,Ebola
-0.7142709,0.05133139,Ebola
-0.70723706,0.0414095,Ebola
-0.70575607,0.032284487,Ebola
-0.7142709,0.05133139,Ebola
-0.7124183,0.04294465,Ebola
-0.70717657,0.041310992,Ebola
-0.70575607,0.032284487,Ebola
-0.70575607,0.032284487,Ebola
-0.7034715,0.033383206,Ebola
-0.70717657,0.041310992,Ebola
-0.70575607,0.032284487,Ebola
-0.7076859,0.031607296,Ebola
-0.70575607,0.032284487,Ebola
-0.7124183,0.04294465,Ebola
-0.70575607,0.032284487,Ebola
-0.74986035,0.0644404,Ebola
-0.70575607,0.032284487,Ebola
-0.7163298,0.03035003,Ebola
-0.7628103,0.050015774,Ebola
-0.7520532,0.021117983,Ebola
-0.75589705,0.040877935,Ebola
-0.75589705,0.040877935,Ebola
-0.75155336,0.032144096,Ebola
-0.7628103,0.050015774,Ebola
-0.7142709,0.05133139,Ebola
-0.76526517,0.056643628,Ebola
-0.75398296,0.010637574,Ebola
-0.7628103,0.050015774,Ebola
-0.7628103,0.050015774,Ebola
-0.70575607,0.032284487,Ebola
-0.7628103,0.050015774,Ebola
-0.75913364,0.030680893,Ebola
-0.75913364,0.030680893,Ebola
-0.76238656,0.03679321,Ebola
-0.7628103,0.050015774,Ebola
-0.7628103,0.050015774,Ebola
-0.7580085,0.03139496,Ebola
-0.76238656,0.03679321,Ebola
-0.75589705,0.040877935,Ebola
-0.7628103,0.050015774,Ebola
-0.70723706,0.0414095,Ebola
-0.70717657,0.041310992,Ebola
-0.7142709,0.05133139,Ebola
-0.7628103,0.050015774,Ebola
-0.7628103,0.050015774,Ebola
-0.7142709,0.05133139,Ebola
-0.76238656,0.03679321,Ebola
-0.7580085,0.03139496,Ebola
-0.7524452,0.020213641,Ebola
-0.7580085,0.03139496,Ebola
-0.70723706,0.0414095,Ebola
-0.7580085,0.03139496,Ebola
-0.7552255,0.026265472,Ebola
-0.75589705,0.040877935,Ebola
-0.7142709,0.05133139,Ebola
-0.7628103,0.050015774,Ebola
-0.7143121,0.052142415,Ebola
-0.7142709,0.05133139,Ebola
-0.7558469,0.06106813,Ebola
-0.75589705,0.040877935,Ebola
-0.7552255,0.026265472,Ebola
-0.7633351,0.07007457,Ebola
-0.7628103,0.050015774,Ebola
-0.75589705,0.040877935,Ebola
-0.7550998,0.027429614,Ebola
-0.76238656,0.03679321,Ebola
-0.75589705,0.040877935,Ebola
-0.75589705,0.040877935,Ebola
-0.76292497,0.04363405,Ebola
-0.7552255,0.026265472,Ebola
-0.7558972,0.040878143,Ebola
-0.7712258,0.026069092,Ebola
-0.7539646,0.043407,Ebola
-0.76281035,0.050015774,Ebola
-0.76281035,0.050015774,Ebola
-0.76281035,0.050015774,Ebola
-0.76281035,0.050015774,Ebola
-0.7558972,0.040878143,Ebola
-0.7515535,0.032144096,Ebola
-0.75787264,0.040974624,Ebola
-0.75787264,0.040974624,Ebola
-0.75787264,0.040974624,Ebola
-0.76281035,0.050015774,Ebola
-0.75787264,0.040974624,Ebola
-0.76281035,0.050015774,Ebola
-0.76281035,0.050015774,Ebola
-0.7628103,0.050015774,Ebola
-0.75155336,0.032144096,Ebola
-0.75589705,0.040877935,Ebola
-0.75589705,0.040877935,Ebola
-0.75589705,0.040877935,Ebola
-0.76002896,0.02086281,Ebola
-0.75589705,0.040877935,Ebola
-0.75155336,0.032144096,Ebola
-0.75589705,0.040877935,Ebola
-0.75589705,0.040877935,Ebola
-0.75589705,0.040877935,Ebola
-0.75589705,0.040877935,Ebola
-0.75589705,0.040877935,Ebola
-0.76002896,0.02086281,Ebola
-0.76002896,0.02086281,Ebola
-0.75589705,0.040877935,Ebola
-0.75787264,0.040974535,Ebola
-0.7628103,0.050015885,Ebola
-0.7628103,0.050015885,Ebola
-0.75589705,0.04087819,Ebola
-0.75589705,0.04087819,Ebola
-0.7628103,0.050015885,Ebola
-0.7628103,0.050015885,Ebola
-0.7366749,0.008988882,Ebola
-0.7289145,0.00019456368,Ebola
-0.6390996,0.0040762755,Ebola
-0.6765747,0.13048859,Ebola
-0.61677295,0.051819447,Ebola
-0.63830286,-0.06341612,Ebola
-0.63830286,-0.06341612,Ebola
-0.7305765,0.0097256005,Ebola
-0.63830286,-0.06341612,Ebola
-0.7305765,0.0097256005,Ebola
-0.7289145,0.00019456368,Ebola
-0.7289145,0.00019456368,Ebola
-0.7319959,0.019546842,Ebola
-0.72560066,-0.0008586921,Ebola
-0.72560066,-0.0008586921,Ebola
-0.72691226,0.009784824,Ebola
-0.72691226,0.009784824,Ebola
-0.72560066,-0.0008586921,Ebola
-0.7176954,-0.0121025825,Ebola
-0.72560066,-0.0008586921,Ebola
-0.72560066,-0.0008586921,Ebola
-0.7278343,-0.020838182,Ebola
-0.7256799,-0.03552127,Ebola
-0.72642875,-0.008923961,Ebola
-0.72642875,-0.008923961,Ebola
-0.7256799,-0.03552127,Ebola
-0.72642875,-0.008923961,Ebola
-0.75019,0.062233698,Ebola
-0.7404121,0.06884495,Ebola
-0.7404121,0.06884495,Ebola
-0.7404121,0.06884495,Ebola
-0.7404121,0.06884495,Ebola
-0.7404121,0.06884495,Ebola
-0.7404121,0.06884495,Ebola
-0.7404121,0.06884495,Ebola
-0.7404121,0.06884495,Ebola
-0.7404121,0.06884495,Ebola
-0.7404121,0.06884495,Ebola
-0.7404121,0.06884495,Ebola
-0.7404121,0.06884495,Ebola
-0.7404121,0.06884495,Ebola
-0.7404121,0.06884495,Ebola
-0.7404121,0.06884495,Ebola
-0.7404121,0.06884495,Ebola
-0.7404121,0.06884495,Ebola
-0.7404121,0.06884495,Ebola
-0.7404121,0.06884495,Ebola
-0.7404121,0.06884495,Ebola
-0.77500063,0.067947865,Ebola
-0.77500063,0.067947865,Ebola
-0.77500063,0.067947865,Ebola
-0.77500063,0.067947865,Ebola
-0.77500063,0.067947865,Ebola
-0.77500063,0.067947865,Ebola
-0.77500063,0.067947865,Ebola
-0.7404121,0.06884495,Ebola
-0.7662402,0.03535002,Ebola
-0.76357996,0.06354209,Ebola
-0.7662402,0.03535002,Ebola
-0.77067924,0.050021753,Ebola
-0.76907074,0.04463927,Ebola
-0.7160491,0.028559068,Ebola
-0.76442146,0.027450228,Ebola
-0.7611707,0.0071882154,Ebola
-0.7160491,0.028559068,Ebola
-0.7160491,0.028559068,Ebola
-0.7005954,-0.009804315,Ebola
-0.7005954,-0.009804315,Ebola
-0.6992472,-0.004236705,Ebola
-0.75324523,0.019238116,Ebola
-0.75324523,0.019238116,Ebola
-0.75324523,0.019238116,Ebola
-0.75324523,0.019238116,Ebola
-0.75324523,0.019238116,Ebola
-0.75324523,0.019238116,Ebola
-0.75324523,0.019238116,Ebola
-0.75324523,0.019238116,Ebola
-0.75324523,0.019238116,Ebola
-0.7512115,0.017575512,Ebola
-0.75324523,0.019238116,Ebola
-0.7456864,0.019128967,Ebola
-0.75324523,0.019238116,Ebola
-0.75324523,0.019238116,Ebola
-0.75324523,0.019238116,Ebola
-0.75324523,0.019238116,Ebola
-0.75324523,0.019238116,Ebola
-0.75324523,0.019238116,Ebola
-0.75324523,0.019238116,Ebola
-0.75324523,0.019238116,Ebola
-0.73266244,-0.034833483,Ebola
-0.73266244,-0.034833483,Ebola
-0.75057316,0.020721419,Ebola
-0.7366749,0.008988882,Ebola
-0.7366749,0.008988882,Ebola
-0.7366749,0.008988882,Ebola
-0.7366749,0.008988882,Ebola
-0.7366749,0.008988882,Ebola
-0.7741534,0.052065086,Ebola
-0.76442146,0.027450228,Ebola
-0.76442146,0.027450228,Ebola
-0.7712041,0.06218245,Ebola
-0.74013513,0.0041508786,Ebola
-0.76442146,0.027450228,Ebola
-0.76442146,0.027450228,Ebola
-0.76442146,0.027450228,Ebola
-0.7618776,0.024699729,Ebola
-0.7644215,0.027450282,Ebola
-0.7644215,0.027450282,Ebola
-0.75930995,0.01640317,Ebola
-0.7644215,0.027450282,Ebola
-0.7644215,0.027450282,Ebola
-0.7644215,0.027450282,Ebola
1.607376,-0.09177672,Lassa
1.5944576,0.25652388,Lassa
0.672449,-0.09199365,Lassa
0.7033864,-0.14958651,Lassa
0.82780594,-0.18303339,Lassa
1.6310757,-0.46166608,Lassa
2.0931935,-0.22763506,Lassa
0.82985073,-0.13991188,Lassa
0.82985073,-0.13991188,Lassa
0.79769814,-0.47270945,Lassa
0.6807503,-0.21761984,Lassa
1.966652,0.93079686,Lassa
1.4933795,-0.16903347,Lassa
1.7919832,0.65973914,Lassa
1.718915,0.16575341,Lassa
0.9360657,0.32921308,Lassa
1.3190621,0.51956475,Lassa
2.3373775,0.16917954,Lassa
1.600914,0.13586555,Lassa
1.7200696,0.23764768,Lassa
1.7523052,0.28145826,Lassa
1.7885408,0.27793276,Lassa
1.4591092,-0.29072663,Lassa
1.4074486,-0.31653535,Lassa
1.4801533,-0.32164747,Lassa
1.443169,-0.31492475,Lassa
1.4327847,-0.32150123,Lassa
0.98726654,-0.088963725,Lassa
1.3239512,-0.2715136,Lassa
1.8319142,0.66197574,Lassa
1.3683249,-0.38911578,Lassa
1.3470905,-0.33374634,Lassa
1.3175586,-0.34057963,Lassa
1.1846601,0.45189863,Lassa
1.4167079,-0.40721923,Lassa
1.4167079,-0.40721923,Lassa
1.3410082,-0.4009746,Lassa
1.2898976,-0.39967325,Lassa
2.2060611,0.17497452,Lassa
1.0131973,0.43461284,Lassa
2.248943,0.37655786,Lassa
2.1461616,0.24904707,Lassa
1.0644625,0.28718996,Lassa
1.7801642,0.24778195,Lassa
0.78790104,0.25542468,Lassa
1.268522,-0.43390682,Lassa
1.0176971,0.32903442,Lassa
1.6027222,0.19001043,Lassa
2.3842945,0.25606507,Lassa
1.695651,0.27783513,Lassa
2.4732723,-0.16300568,Lassa
1.4810756,0.20775063,Lassa
0.87066305,0.23929568,Lassa
0.9454748,0.3393185,Lassa
2.2802594,-0.058760908,Lassa
0.9663965,0.29368967,Lassa
2.2695158,0.07854781,Lassa
1.4594691,-0.048639696,Lassa
2.194818,0.01831781,Lassa
2.272215,0.047021404,Lassa
2.2910886,-0.014304396,Lassa
2.0666893,0.83452994,Lassa
1.8551376,0.11354595,Lassa
2.3332565,0.0952761,Lassa
0.851333,0.29184595,Lassa
1.3713809,-1.0315021,Lassa
1.2956614,-1.0815227,Lassa
1.1962316,-0.94313014,Lassa
1.313584,-0.9606863,Lassa
1.5949806,0.49797922,Lassa
1.4242603,-0.5942549,Lassa
1.2099841,-0.6038092,Lassa
2.1311798,0.6156272,Lassa
1.7628142,0.1433878,Lassa
1.705964,0.6262458,Lassa
1.0886763,-0.57391655,Lassa
1.079119,-0.73874164,Lassa
1.4590404,-0.671988,Lassa
2.0082917,0.4649505,Lassa
1.9130858,0.3831028,Lassa
1.0000199,-0.77055514,Lassa
1.6595598,0.70681113,Lassa
2.1868331,0.45234415,Lassa
1.2196339,-0.7518071,Lassa
1.4160836,0.5186645,Lassa
2.284161,-0.03751118,Lassa
1.8894523,0.40895954,Lassa
1.1009644,-0.82107896,Lassa
1.7247733,0.2723598,Lassa
0.86106116,0.30375147,Lassa
0.7989733,0.26923198,Lassa
1.7665344,0.36734876,Lassa
0.707255,0.22758143,Lassa
2.26475,0.42878377,Lassa
2.05824,0.9324434,Lassa
2.166697,0.27032223,Lassa
1.6895471,0.76786524,Lassa
1.9657421,-0.5461512,Lassa
1.7532192,0.63247037,Lassa
0.54356056,-0.12181645,Lassa
0.96404153,-0.2360923,Lassa
0.55270004,-0.1452098,Lassa
1.9320408,0.4515761,Lassa
1.9158262,0.54452413,Lassa
2.020491,0.32777506,Lassa
1.0064613,-0.12257616,Lassa
0.8460166,-0.20921053,Lassa
0.9616424,-0.12832089,Lassa
0.95078677,-0.16832022,Lassa
1.7448812,0.47294912,Lassa
1.4330086,-0.9383014,Lassa
1.4222172,-0.888861,Lassa
1.0474014,-0.27177316,Lassa
1.3913382,-0.918256,Lassa
1.3677417,-0.812122,Lassa
1.3360301,-0.8479608,Lassa
1.3367226,-0.88376266,Lassa
2.2542884,0.63845426,Lassa
2.0623815,0.7387332,Lassa
2.1608524,0.533053,Lassa
2.1123765,0.42915496,Lassa
2.1370313,0.51672214,Lassa
2.1390522,0.52590084,Lassa
2.1090612,0.14854185,Lassa
1.1886238,-1.0869471,Lassa
2.067993,0.24991107,Lassa
2.1798093,0.5435493,Lassa
2.2335796,0.31705204,Lassa
1.9891232,0.22214352,Lassa
1.892858,0.5978207,Lassa
1.9337683,0.6020543,Lassa
2.1054494,0.41652948,Lassa
2.020486,0.30018982,Lassa
1.9301082,0.2988409,Lassa
1.9249891,0.45210162,Lassa
2.2199411,0.5580117,Lassa
1.9699124,0.55113363,Lassa
2.000156,0.2750341,Lassa
2.0127664,0.5504548,Lassa
2.099684,0.5250516,Lassa
2.083183,0.4903159,Lassa
1.8516592,0.09100841,Lassa
0.8804328,-0.49759012,Lassa
1.7834252,0.6122585,Lassa
2.2117488,0.4870707,Lassa
1.3344169,-0.6426584,Lassa
0.7173536,-0.47570148,Lassa
1.8937658,0.552346,Lassa
1.7975817,0.44031358,Lassa
2.1281414,0.303895,Lassa
1.7172126,0.53143334,Lassa
1.9415681,0.36583114,Lassa
1.843855,0.5286205,Lassa
1.5581342,0.41485474,Lassa
1.938435,0.41908312,Lassa
0.4537866,-0.53082573,Lassa
2.0037289,0.23139298,Lassa
1.7101679,0.4721331,Lassa
1.3798722,-0.11533207,Lassa
1.279783,-1.0187999,Lassa
1.1723503,-1.0438868,Lassa
1.7603209,0.6007551,Lassa
1.6932846,0.61936605,Lassa
1.7172875,0.5970882,Lassa
1.7310543,0.57286763,Lassa
1.7139447,0.5685474,Lassa
1.7165196,0.56477535,Lassa
1.8088907,0.40605453,Lassa
1.6732666,0.5586988,Lassa
1.6628054,0.3253357,Lassa
1.6790845,0.3567446,Lassa
1.7710507,0.56979173,Lassa
2.0807407,0.48680177,Lassa
1.7317485,0.46726853,Lassa
1.6376284,0.2861371,Lassa
0.43612593,-0.3379075,Lassa
1.988677,0.43050942,Lassa
2.1524167,0.5147225,Lassa
1.7376924,0.4524149,Lassa
2.1516664,0.509281,Lassa
1.5736885,0.45367205,Lassa
2.1261249,0.4998407,Lassa
1.7202322,0.4742789,Lassa
2.0403166,0.43060112,Lassa
2.1870944,0.50024456,Lassa
1.2881253,-1.0126863,Lassa
1.7490189,0.56650895,Lassa
1.612986,0.5546245,Lassa
2.0793498,0.37172264,Lassa
1.6368397,0.56422895,Lassa
1.1431752,-1.049643,Lassa
1.9707687,0.5056155,Lassa
1.9237102,0.61892605,Lassa
1.9178239,0.59285945,Lassa
1.9705216,0.3184451,Lassa
1.8013079,0.49590603,Lassa
2.024224,0.45569292,Lassa
1.2205269,-1.0197155,Lassa
1.2276603,-1.0639573,Lassa
1.8020835,0.47936934,Lassa
1.952908,0.41764003,Lassa
1.9538176,0.4203448,Lassa
1.5821772,0.5039443,Lassa
1.9638118,0.40413976,Lassa
1.9660642,0.565179,Lassa
0.52830076,-0.50136596,Lassa
1.7616792,0.44593868,Lassa
1.9795306,0.298513,Lassa
1.7714907,0.47155,Lassa
1.6883212,0.5251254,Lassa
2.2084017,0.42180002,Lassa
2.0302906,0.46401247,Lassa
1.9192029,0.4654205,Lassa
1.9077506,0.33552802,Lassa
1.1734359,-0.9149751,Lassa
2.1685078,0.4973495,Lassa
1.1683903,-0.93919915,Lassa
1.6952138,0.5393108,Lassa
2.1801212,0.50844413,Lassa
1.7084212,0.60681576,Lassa
1.8422812,0.44358,Lassa
0.38700145,-0.40851945,Lassa
0.4275273,-0.3606554,Lassa
2.0850258,0.044176042,Lassa
2.118684,0.49565822,Lassa
0.32069114,-0.42475092,Lassa
2.119815,0.17511892,Lassa
1.9193002,0.5195918,Lassa
1.8089657,0.5110392,Lassa
1.9208373,0.5923935,Lassa
2.182728,0.55686426,Lassa
1.9053718,0.46828327,Lassa
2.2015162,0.537698,Lassa
1.9522592,0.32623276,Lassa
0.396333,-0.37109408,Lassa
1.8747287,0.40895265,Lassa
1.8677766,0.40694785,Lassa
1.8565311,0.40361854,Lassa
1.9844623,0.13961552,Lassa
1.9313331,0.045067552,Lassa
2.0370226,0.38057593,Lassa
1.7738671,0.57615817,Lassa
1.7857528,0.54647386,Lassa
1.8330225,0.60548025,Lassa
1.8330225,0.60548025,Lassa
2.3989296,-0.19551718,Lassa
0.92606366,0.23052168,Lassa
1.6371508,-0.023267062,Lassa
1.9333569,0.38189608,Lassa
1.9193008,0.41918004,Lassa
2.1854575,0.5701814,Lassa
2.1014235,0.508399,Lassa
1.1740788,-1.1722912,Lassa
1.1970369,-1.1370316,Lassa
2.151268,0.10234401,Lassa
1.9470294,0.30181164,Lassa
0.37993994,-0.44544303,Lassa
1.2360287,-1.0128583,Lassa
0.5181644,-0.37430382,Lassa
1.9645944,0.55002,Lassa
1.9473889,0.39337972,Lassa
1.7723331,0.24540395,Lassa
1.7714016,0.3849294,Lassa
1.8807292,0.4100297,Lassa
1.2812666,-0.8147869,Lassa
2.292303,-0.07454848,Lassa
0.7692058,-0.08962811,Lassa
2.1153781,0.87652564,Lassa
2.166494,0.86932665,Lassa
2.0991807,0.8627926,Lassa
1.0379989,0.055284187,Lassa
2.1502473,0.7412927,Lassa
2.1015956,0.7081284,Lassa
2.1654932,0.75579065,Lassa
1.0537702,0.018734654,Lassa
1.059737,-0.022115488,Lassa
1.0039328,0.027208745,Lassa
2.2676928,0.8738355,Lassa
2.4243941,-0.12746246,Lassa
2.1745138,0.8629944,Lassa
2.2251985,0.8088923,Lassa
2.2251985,0.80889225,Lassa
1.2298384,-0.9609549,Lassa
1.0727106,-0.021049172,Lassa
2.24669,0.66867197,Lassa
2.017102,0.44584697,Lassa
2.0145633,0.405517,Lassa
1.9782904,0.6875586,Lassa
1.9564751,0.7874506,Lassa
1.339779,-0.8732676,Lassa
1.3114098,-0.8904279,Lassa
1.1569318,-0.89260674,Lassa
1.1597008,-1.1070217,Lassa
1.640344,-0.5865201,Lassa
1.6089828,-0.59871,Lassa
1.5838007,-0.7332895,Lassa
2.1293411,0.7201142,Lassa
1.814664,0.48181984,Lassa
1.8617791,-0.5321248,Lassa
2.0749967,0.75350887,Lassa
1.2047062,-0.677016,Lassa
1.8681804,0.37975463,Lassa
1.8591703,0.3858221,Lassa
1.6355219,-0.71978956,Lassa
0.588871,-0.19397007,Lassa
1.5199839,-0.7332973,Lassa
1.9504232,0.77577,Lassa
0.5282401,-0.1376734,Lassa
1.9532582,0.8640156,Lassa
1.5074226,-0.76603067,Lassa
1.6443757,-0.72469884,Lassa
1.438686,-0.77458143,Lassa
2.2501297,1.0334021,Lassa
1.4786601,-0.7137567,Lassa
0.76580405,-0.1172872,Lassa
1.3966095,-0.5682337,Lassa
1.2913588,-0.5461608,Lassa
1.4983202,-0.66969603,Lassa
1.9538708,0.877087,Lassa
1.9375161,0.8993149,Lassa
0.7783581,0.018886806,Lassa
1.9747459,0.8833283,Lassa
1.5059631,-0.6634649,Lassa
1.4899992,-0.81781495,Lassa
1.5161766,-0.65892124,Lassa
1.5161766,-0.65892124,Lassa
1.5161766,-0.65892124,Lassa
2.0040367,0.8841148,Lassa
1.4105895,-0.8897208,Lassa
1.4281343,-1.0086728,Lassa
1.6796116,-0.7371699,Lassa
0.44925684,-0.15991898,Lassa
1.4693891,-0.7360355,Lassa
1.354284,-0.61087495,Lassa
1.335647,-0.68438745,Lassa
1.4934323,-0.79279184,Lassa
1.4846287,-0.78488076,Lassa
0.45639226,-0.07941515,Lassa
1.945756,0.6559445,Lassa
1.9406751,0.6911298,Lassa
2.000574,0.721255,Lassa
0.6573488,-0.80615133,Lassa
1.113514,-1.0404575,Lassa
1.0894071,-1.0364206,Lassa
1.9457808,0.4700201,Lassa
1.9874092,0.32569674,Lassa
1.9505922,0.48604932,Lassa
2.173186,0.2834887,Lassa
1.1495262,-1.0007612,Lassa
1.2122924,-1.1186424,Lassa
1.2832769,-0.96965927,Lassa
1.2388713,-0.9428443,Lassa
2.088079,0.5067525,Lassa
1.2618744,-0.9543631,Lassa
1.229096,-0.9794705,Lassa
1.2445786,-0.97159666,Lassa
1.8424305,0.5134287,Lassa
1.986341,0.6890567,Lassa
1.9345998,0.5498009,Lassa
1.864389,0.5791975,Lassa
1.5627604,-0.84204215,Lassa
1.8207381,0.6019717,Lassa
1.821956,0.60465103,Lassa
2.166727,0.26838243,Lassa
1.4020994,-0.8937441,Lassa
1.8350482,0.6041864,Lassa
1.9843026,0.5591614,Lassa
1.247918,-1.106821,Lassa
1.9428494,0.24521106,Lassa
1.3060123,-1.0876366,Lassa
1.3576138,-1.0337257,Lassa
1.9591076,0.22135432,Lassa
2.1051207,0.32528692,Lassa
2.0836399,0.3503971,Lassa
2.0360878,0.55549824,Lassa
1.8676386,0.53477645,Lassa
1.7214917,0.522275,Lassa
2.0638545,0.28823987,Lassa
1.8284996,0.42812958,Lassa
1.8907717,0.4851875,Lassa
2.0032237,0.17468068,Lassa
1.898215,0.3664525,Lassa
1.9671283,0.5759705,Lassa
1.9857132,0.592897,Lassa
1.9808941,0.4291204,Lassa
1.3217407,-0.872541,Lassa
1.2944008,-0.87875396,Lassa
1.28724,-0.8816022,Lassa
1.8354622,0.29546517,Lassa
1.9299679,0.3341498,Lassa
1.3324169,-0.954451,Lassa
1.9450498,0.30804417,Lassa
2.097622,0.2811978,Lassa
1.8719064,0.26234558,Lassa
2.09962,0.23239726,Lassa
1.7651763,0.35966802,Lassa
1.8488609,0.43508008,Lassa
1.800765,0.32049972,Lassa
2.1526346,0.28396356,Lassa
1.3305993,-0.96114844,Lassa
1.8200442,0.3628883,Lassa
1.8671024,0.42142484,Lassa
2.0255296,0.38419563,Lassa
1.3321804,-0.9664628,Lassa
1.8305833,0.3601975,Lassa
1.3217952,-0.8445285,Lassa
1.9077197,0.34203354,Lassa
2.2259483,0.22203138,Lassa
1.8382515,0.29617694,Lassa
2.2216473,0.27061674,Lassa
1.365295,-0.84192044,Lassa
2.253527,0.3578285,Lassa
1.320454,-0.850715,Lassa
1.8366033,0.3982027,Lassa
1.3446383,-0.82884395,Lassa
1.3471973,-0.8431373,Lassa
1.5588906,-0.86936533,Lassa
1.09601,-0.91989434,Lassa
2.1375346,0.5498531,Lassa
1.3326174,-0.82548076,Lassa
1.3336421,-1.2232497,Lassa
1.3801975,-0.97624356,Lassa
1.2350384,-0.8959158,Lassa
1.3197315,-0.8668953,Lassa
1.8411124,0.54186946,Lassa
1.9756477,0.21695626,Lassa
1.4102,-0.8172731,Lassa
1.82245,0.45371678,Lassa
1.5276327,0.22435543,Lassa
1.9320763,0.29729858,Lassa
1.970232,0.23024991,Lassa
1.3587012,-0.91447353,Lassa
1.2808329,-0.933265,Lassa
2.0269363,0.24947296,Lassa
2.0788088,0.32137164,Lassa
1.3774358,-1.1047878,Lassa
2.0977101,0.18394336,Lassa
0.8399961,-1.015457,Lassa
2.1784303,0.30018708,Lassa
1.2096635,-0.82733804,Lassa
1.7976124,0.6107154,Lassa
1.8025107,0.46170902,Lassa
2.1259308,0.23779911,Lassa
2.0385218,0.27679372,Lassa
1.9389101,0.62572014,Lassa
2.1592417,0.3755858,Lassa
1.2316248,-0.9327054,Lassa
1.127298,-0.9253331,Lassa
1.1930557,-0.95976245,Lassa
1.2207439,-0.92162365,Lassa
1.2984554,-0.9824674,Lassa
1.8352731,0.611815,Lassa
1.2323136,-0.9647019,Lassa
1.2050937,-0.9499847,Lassa
1.7345693,0.4638904,Lassa
2.002155,0.48090214,Lassa
2.18016,0.7462829,Lassa
1.8484565,0.3437591,Lassa
1.7869866,0.37973338,Lassa
1.9135733,0.38359874,Lassa
1.2454188,-1.0196875,Lassa
1.2244521,-1.0676209,Lassa
1.2239689,-1.0716345,Lassa
1.2710683,-1.043266,Lassa
1.3159242,-1.0324014,Lassa
1.2878369,-1.0927869,Lassa
1.3297875,-0.9610536,Lassa
1.2145828,-1.0447999,Lassa
1.2674719,-1.0669768,Lassa
2.0556746,0.27263305,Lassa
1.3779914,-1.0109056,Lassa
1.176721,-0.99842596,Lassa
1.3708131,-0.9597018,Lassa
1.8348826,0.49429196,Lassa
1.2827578,-0.9870384,Lassa
1.3160588,-0.9805508,Lassa
1.3511496,-0.9605241,Lassa
1.2982634,-0.97665554,Lassa
1.3657222,-1.0385424,Lassa
1.8316723,0.380229,Lassa
1.3051722,-0.9569554,Lassa
1.3163964,-0.9848027,Lassa
2.1160095,0.28057605,Lassa
1.3200136,-1.0123854,Lassa
1.3334507,-1.0459821,Lassa
2.1123478,0.30938217,Lassa
1.3090167,-0.9205951,Lassa
1.3796585,-1.0442451,Lassa
1.8364247,0.43833527,Lassa
1.8809502,0.40257922,Lassa
1.2857251,-0.84166956,Lassa
2.190967,0.42410845,Lassa
1.3964185,-0.93691224,Lassa
1.3278191,-0.94435185,Lassa
2.1931245,0.41198176,Lassa
1.2503855,-0.84100366,Lassa
1.3243992,-1.0253967,Lassa
1.3243536,-1.0609657,Lassa
1.8785381,0.4583008,Lassa
1.3635019,-0.91324466,Lassa
1.3776437,-0.89507073,Lassa
1.3628361,-0.9004005,Lassa
2.135822,0.30914038,Lassa
1.3371712,-0.97560537,Lassa
2.0462947,0.19795825,Lassa
1.8685191,0.49988464,Lassa
1.4192295,-1.0490472,Lassa
1.3518589,-0.9789306,Lassa
1.337415,-0.959517,Lassa
1.3751911,-0.9146796,Lassa
1.3217466,-1.0214604,Lassa
1.9158093,0.46702954,Lassa
1.9161346,0.5034761,Lassa
1.9005474,0.5265886,Lassa
1.3821498,-1.0221595,Lassa
1.381155,-0.92161465,Lassa
1.3772243,-0.934596,Lassa
1.3315954,-0.9542969,Lassa
1.8679725,0.52840316,Lassa
2.122855,0.51039636,Lassa
1.3860612,-0.8856219,Lassa
1.8509861,0.5748186,Lassa
1.326395,-0.9489753,Lassa
2.0904915,0.4172085,Lassa
2.0450644,0.4432668,Lassa
1.4314088,-0.897678,Lassa
1.8473854,0.5467536,Lassa
1.8454806,0.5472438,Lassa
1.439333,-0.94210535,Lassa
1.8270519,0.41289547,Lassa
1.6987238,0.34197494,Lassa
1.8176672,0.42487323,Lassa
1.3160638,-1.0272225,Lassa
1.3097194,-1.0004184,Lassa
2.0831637,0.49265933,Lassa
1.8151582,0.30120382,Lassa
1.8208983,0.33829552,Lassa
1.246205,-0.9709212,Lassa
1.8167604,0.4820391,Lassa
1.2965331,-1.0154146,Lassa
1.7209394,0.3553783,Lassa
1.8275145,0.45252365,Lassa
1.4186548,-1.1054624,Lassa
1.82384,0.3865458,Lassa
2.1787322,0.516365,Lassa
1.2574314,-1.1467322,Lassa
2.08143,0.43474042,Lassa
1.2954255,-1.090653,Lassa
1.8228852,0.39969453,Lassa
1.8202692,0.37184218,Lassa
1.844761,0.3066911,Lassa
2.0661561,0.5068219,Lassa
1.835109,0.37042704,Lassa
1.3352163,-1.0466672,Lassa
1.8703879,0.3670199,Lassa
2.161127,0.5686913,Lassa
2.1630082,0.46774313,Lassa
1.3328507,-1.0017331,Lassa
1.8505082,0.38496447,Lassa
1.0558087,-1.0155841,Lassa
1.8510796,0.38988024,Lassa
1.7769868,0.4252107,Lassa
1.8638715,0.3137148,Lassa
1.3923472,-0.971908,Lassa
1.797545,0.503089,Lassa
1.4014926,-0.91138846,Lassa
1.8538234,0.4586626,Lassa
1.3621713,-1.0126386,Lassa
1.3353672,-0.9646603,Lassa
1.3783922,-1.046906,Lassa
1.8474243,0.41207016,Lassa
1.3606156,-0.9739747,Lassa
1.3592637,-0.97463185,Lassa
2.1857927,0.46401203,Lassa
1.3833443,-0.92874175,Lassa
1.3537183,-1.0529718,Lassa
1.3684149,-1.0051144,Lassa
1.3439193,-1.1432732,Lassa
1.8891658,0.46546096,Lassa
1.0501955,-0.11338178,Lassa
1.8876888,0.5351562,Lassa
1.2112466,-1.0172043,Lassa
1.31687,-1.0514584,Lassa
1.8394523,0.56357914,Lassa
1.3108866,-0.95972973,Lassa
1.2336605,-0.9527507,Lassa
2.1891627,0.420737,Lassa
1.8287022,0.46237046,Lassa
1.3334978,-1.0228952,Lassa
1.8747348,0.53397685,Lassa
1.7819816,0.4522709,Lassa
1.74807,0.46793494,Lassa
2.1541693,0.4508197,Lassa
2.2169485,0.42052382,Lassa
2.2538755,0.3093588,Lassa
2.011111,0.5456733,Lassa
2.0116262,0.5422762,Lassa
2.2307758,0.35387897,Lassa
2.2431145,0.38790032,Lassa
2.3357792,0.41866916,Lassa
1.9562488,0.48440263,Lassa
0.9412585,-0.095959224,Lassa
2.2063231,0.37315905,Lassa
1.9715835,0.42465192,Lassa
1.3109113,-0.95125854,Lassa
2.095735,0.3137776,Lassa
1.9314867,0.4335914,Lassa
1.9479444,0.41685,Lassa
1.241927,-1.0351847,Lassa
1.2315396,-0.99275506,Lassa
2.231486,0.376625,Lassa
1.2647543,-0.94354016,Lassa
1.8870317,0.47783,Lassa
1.8885329,0.5125881,Lassa
1.9206313,0.19727747,Lassa
2.0583904,0.50278234,Lassa
1.2207612,-1.022516,Lassa
1.2189941,-1.0304943,Lassa
2.0762627,0.32218373,Lassa
1.8309053,0.2599163,Lassa
1.7650042,0.38148263,Lassa
1.3137667,-0.9970083,Lassa
1.3367195,-0.9585028,Lassa
1.9122753,0.37744066,Lassa
1.2495927,-1.0953679,Lassa
1.8074445,0.31323653,Lassa
1.7926937,0.45615494,Lassa
2.1770604,0.3886515,Lassa
1.3316408,-0.84388316,Lassa
2.1077218,0.5012037,Lassa
0.8130162,-0.2603691,Lassa
1.7986646,0.50438946,Lassa
1.2622674,-0.9714574,Lassa
1.2515967,-1.004216,Lassa
2.029889,0.47519875,Lassa
1.3251916,-1.095963,Lassa
1.3033028,-1.1347563,Lassa
1.2745308,-1.1026077,Lassa
1.2728856,-1.1303624,Lassa
1.855188,0.52583843,Lassa
1.2403401,-0.86056626,Lassa
1.2275918,-0.98044074,Lassa
1.8503085,0.5102476,Lassa
1.77364,0.2727413,Lassa
2.1337214,0.5326014,Lassa
1.1859633,-1.0936435,Lassa
2.1034765,0.35691068,Lassa
1.2103333,-1.1098828,Lassa
1.393685,-1.032826,Lassa
2.1504686,0.25361517,Lassa
1.9014422,0.45851013,Lassa
1.2272387,-1.0183454,Lassa
1.1947546,-1.1097069,Lassa
2.0004594,0.5325287,Lassa
2.1884758,0.31380153,Lassa
1.3118182,-1.0909663,Lassa
1.3031245,-0.94976425,Lassa
1.2265276,-0.9689878,Lassa
1.3041466,-0.95672,Lassa
1.3364227,-0.95899975,Lassa
2.0291598,0.4046291,Lassa
1.3023355,-1.099543,Lassa
1.3180414,-0.99560887,Lassa
1.8923309,0.3781798,Lassa
1.2940503,-1.071561,Lassa
1.2858368,-0.92503244,Lassa
1.316438,-0.85838604,Lassa
1.3095529,-1.1021216,Lassa
1.3448626,-1.1201258,Lassa
1.3032061,-1.0682509,Lassa
1.9482942,0.3979922,Lassa
1.8795539,0.23781268,Lassa
1.8763363,0.366982,Lassa
2.1535842,0.434477,Lassa
2.2176456,0.24733365,Lassa
1.2282258,-0.97387445,Lassa
1.2811241,-0.9047046,Lassa
1.9353067,0.3966989,Lassa
1.8816092,0.41138494,Lassa
1.9313843,0.4448291,Lassa
1.3511956,-0.93043685,Lassa
2.1919508,0.47207913,Lassa
1.3042412,-1.1267408,Lassa
1.3182219,-1.0765371,Lassa
1.9199622,0.41359407,Lassa
1.3404363,-1.104065,Lassa
2.193791,0.4134546,Lassa
2.2461178,0.35761538,Lassa
1.2894884,-1.0337219,Lassa
1.9093162,0.5410463,Lassa
1.3580695,-1.0535434,Lassa
1.4018538,-1.0084759,Lassa
1.347459,-1.1106299,Lassa
1.8496258,0.60792756,Lassa
1.4048218,-1.0182265,Lassa
1.9358215,0.5945084,Lassa
1.9580868,0.6002054,Lassa
1.1839881,-1.0281974,Lassa
2.2643745,0.28770712,Lassa
1.9019735,0.44900924,Lassa
2.2271793,0.35930082,Lassa
1.3467939,-0.97828645,Lassa
1.8377905,0.45941666,Lassa
1.7981355,0.3724704,Lassa
2.2265403,0.45750815,Lassa
0.88596165,-0.9702838,Lassa
1.3518091,-1.0939065,Lassa
2.2086196,0.28002006,Lassa
1.7931092,0.45310065,Lassa
1.5410756,-1.17118,Lassa
1.5370185,0.0911771,Lassa
2.2689495,0.29252684,Lassa
1.3156383,-1.0563078,Lassa
1.9170606,0.5402956,Lassa
1.8743612,0.5678701,Lassa
2.168445,0.4673295,Lassa
1.3495377,-1.3024312,Lassa
1.3617493,-1.1110882,Lassa
2.1745496,0.34345892,Lassa
1.8953949,0.5315682,Lassa
2.2283683,0.3565081,Lassa
1.8347657,0.43941382,Lassa
2.2125928,0.36625195,Lassa
2.2027194,0.37091243,Lassa
1.8948352,0.5212869,Lassa
1.9494534,0.2043954,Lassa
2.1411567,0.18795215,Lassa
1.3371662,-1.0531998,Lassa
1.38599,-1.0688998,Lassa
2.198308,0.39014167,Lassa
2.160616,0.37361747,Lassa
1.2371367,-1.0648776,Lassa
1.2927316,-1.1677159,Lassa
1.2943884,-1.0071343,Lassa
1.8882223,0.34461305,Lassa
1.2003868,-0.9540855,Lassa
1.9821644,0.3465997,Lassa
1.8438779,0.40707487,Lassa
1.2648032,-0.82791024,Lassa
1.757894,0.5964967,Lassa
2.1930833,0.6830134,Lassa
2.151034,0.5567659,Lassa
1.3627019,-1.1666962,Lassa
2.214617,0.50461054,Lassa
2.2159142,0.4112102,Lassa
1.3280792,-1.0587167,Lassa
2.2227104,0.3592777,Lassa
2.126286,0.23689586,Lassa
1.784209,0.49300036,Lassa
1.7408843,0.5317092,Lassa
1.7460368,0.51969904,Lassa
1.8030812,0.41381514,Lassa
1.9059168,0.47632062,Lassa
2.1829903,0.31550232,Lassa
1.8234746,0.34384963,Lassa
2.2391348,0.39769286,Lassa
2.3064501,0.2915151,Lassa
1.8232967,0.38674924,Lassa
1.2812717,-1.0177982,Lassa
1.2448673,-1.0193436,Lassa
1.8419468,0.5393254,Lassa
2.2677183,0.36505756,Lassa
1.875547,0.47756317,Lassa
1.3099401,-1.1833117,Lassa
1.8531023,0.46374372,Lassa
1.316952,-1.138969,Lassa
1.3619698,-1.1615518,Lassa
1.3622247,-0.9976034,Lassa
1.3533543,-0.9617957,Lassa
1.8959308,0.46458623,Lassa
2.1229172,0.41756213,Lassa
2.1409616,0.38370356,Lassa
1.379287,-0.97527975,Lassa
1.9296874,0.51671886,Lassa
1.2805485,-0.9677804,Lassa
2.2049286,0.4027496,Lassa
2.1793375,0.4575529,Lassa
1.31125,-0.95765066,Lassa
2.219244,0.2342978,Lassa
1.2658172,-0.9372389,Lassa
