virus,position,entropy,category
Ebola,0,0.021271883492476242,Critical
Ebola,1,0.05953965612794532,Critical
Ebola,2,0.2673131692858194,Conserved
Ebola,3,0.0579851018967492,Critical
Ebola,4,0.07288235365842119,Critical
Ebola,5,0.06419352465615938,Critical
Ebola,6,0.04021243098365133,Critical
Ebola,7,0.055551770070622765,Critical
Ebola,8,0.06147550329290975,Critical
Ebola,9,0.059872892762273644,Critical
Ebola,10,0.04686146867472939,Critical
Ebola,11,0.0724432102598386,Critical
Ebola,12,0.0657961351867955,Critical
Ebola,13,0.06695960231884901,Critical
Ebola,14,0.08196030426960851,Critical
Ebola,15,0.08400205819882722,Critical
Ebola,16,0.05870942563022013,Critical
Ebola,17,0.05987289276227365,Critical
Ebola,18,0.05278569240793315,Critical
Ebola,19,0.051183081877297046,Critical
Ebola,20,0.0764776793614163,Critical
Ebola,21,0.0830656763056121,Critical
Ebola,22,0.0700581808996816,Critical
Ebola,23,0.0995804104034525,Critical
Ebola,24,0.080796837137555,Critical
Ebola,25,0.08356291480024461,Critical
Ebola,26,0.10556001798073027,Conserved
Ebola,27,0.11812245967051266,Conserved
Ebola,28,0.24122093939351236,Conserved
Ebola,29,0.11812245967051269,Conserved
Ebola,30,0.10303034052546747,Conserved
Ebola,31,0.1007034062613604,Conserved
Ebola,32,0.10439655084867673,Conserved
Ebola,33,0.09139299334121898,Critical
Ebola,34,0.08935123941200028,Critical
Ebola,35,0.09291084369479675,Critical
Ebola,36,0.09095384994263639,Critical
Ebola,37,0.12077746210924535,Conserved
Ebola,38,0.10512087458214767,Conserved
Ebola,39,0.08769984875390265,Critical
Ebola,40,0.1094375697269569,Conserved
Ebola,41,0.09803760866996075,Critical
Ebola,42,0.0921173170746899,Critical
Ebola,43,0.11104018025759299,Conserved
Ebola,44,0.09711054174533404,Critical
Ebola,45,0.10703910954288817,Conserved
Ebola,46,0.11339706522233692,Conserved
Ebola,47,0.12923427915376634,Conserved
Ebola,48,0.09244735824853154,Critical
Ebola,49,0.10672348511278379,Conserved
Ebola,50,0.09002678301800968,Critical
Ebola,51,0.09095384994263639,Critical
Ebola,52,0.10512087458214767,Conserved
Ebola,53,0.1269897820333919,Conserved
Ebola,54,0.10512087458214767,Conserved
Ebola,55,0.11127658046501981,Conserved
Ebola,56,0.09563914848589203,Critical
Ebola,57,0.07404582079047471,Critical
Ebola,58,0.09550793121469793,Critical
Ebola,59,0.10512087458214768,Conserved
Ebola,60,0.12360163486798494,Conserved
Ebola,61,0.10419380765752095,Conserved
Ebola,62,0.10556001798073025,Conserved
Ebola,63,0.12171384400246048,Conserved
Ebola,64,0.13364849911403978,Conserved
Ebola,65,0.09847675206854334,Critical
Ebola,66,0.0825033883661761,Critical
Ebola,67,0.09404996877916766,Critical
Ebola,68,0.09964021920059685,Critical
Ebola,69,0.10672348511278379,Conserved
Ebola,70,0.09964021920059685,Critical
Ebola,71,0.09964021920059685,Critical
Ebola,72,0.10967396993438372,Conserved
Ebola,73,0.10556001798073028,Conserved
Ebola,74,0.13363291046450088,Conserved
Ebola,75,0.11442931508319637,Conserved
Ebola,76,0.1101131133329663,Conserved
Ebola,77,0.10778617906885925,Conserved
Ebola,78,0.11139308416471255,Conserved
Ebola,79,0.10556001798073028,Conserved
Ebola,80,0.12532907640670582,Conserved
Ebola,81,0.638801527856614,Intermediate
Ebola,82,0.11496972505233613,Conserved
Ebola,83,0.11264279078822911,Conserved
Ebola,84,0.11264279078822909,Conserved
Ebola,85,0.10864172007352427,Conserved
Ebola,86,0.1122036473896465,Conserved
Ebola,87,0.10851050280233018,Conserved
Ebola,88,0.11856160306909527,Conserved
Ebola,89,0.13471246610955237,Conserved
Ebola,90,0.11719539274588597,Conserved
Ebola,91,0.10707688241448249,Conserved
Ebola,92,0.07924375702410594,Critical
Ebola,93,0.11768331627193007,Conserved
Ebola,94,0.11675624934730337,Conserved
Ebola,95,0.07880461362552335,Critical
Ebola,96,0.09847675206854335,Critical
Ebola,97,0.12267456794335821,Conserved
Ebola,98,0.11572399948644396,Conserved
Ebola,99,0.11835885987793948,Conserved
Ebola,100,0.11299569469534865,Conserved
Ebola,101,0.10515131867736373,Conserved
Ebola,102,0.12447992166515012,Conserved
Ebola,103,0.12311371134194082,Conserved
Ebola,104,0.12383803507541173,Conserved
Ebola,105,0.11675624934730337,Conserved
Ebola,106,0.3531625252691754,Conserved
Ebola,107,0.14011863258781668,Conserved
Ebola,108,0.1298127863732267,Conserved
Ebola,109,0.14282123136441602,Conserved
Ebola,110,0.14994683828437577,Conserved
Ebola,111,0.15198859221359443,Conserved
Ebola,112,0.15933756297457943,Conserved
Ebola,113,0.1467820430614339,Conserved
Ebola,114,0.27784484456834174,Conserved
Ebola,115,0.285456189178773,Conserved
Ebola,116,0.27367066517783034,Conserved
Ebola,117,0.27483413230988385,Conserved
Ebola,118,0.2684158162142969,Conserved
Ebola,119,0.28145143615660223,Conserved
Ebola,120,0.258295614402786,Conserved
Ebola,121,0.27174545774793596,Conserved
Ebola,122,0.2701461445845698,Conserved
Ebola,123,0.18284004121151412,Conserved
Ebola,124,0.30438733312371474,Conserved
Ebola,125,0.3039501391924116,Conserved
Ebola,126,0.3208339697439958,Conserved
Ebola,127,0.2985806103392225,Conserved
Ebola,128,0.3234123174149326,Conserved
Ebola,129,0.29344579098489953,Conserved
Ebola,130,0.2924512300185482,Conserved
Ebola,131,0.2929003466400373,Conserved
Ebola,132,0.3025862380176467,Conserved
Ebola,133,0.28634914674780804,Conserved
Ebola,134,0.32500915253106893,Conserved
Ebola,135,0.30927638614933356,Conserved
Ebola,136,0.3253767700096899,Conserved
Ebola,137,0.2957970672966892,Conserved
Ebola,138,0.321096508150309,Conserved
Ebola,139,0.3224551330281235,Conserved
Ebola,140,0.3206802875418747,Conserved
Ebola,141,0.3190123884238541,Conserved
Ebola,142,0.28983268320519984,Conserved
Ebola,143,0.31436249596011634,Conserved
Ebola,144,0.3277002353175877,Conserved
Ebola,145,0.33118666064927194,Conserved
Ebola,146,0.3229425500797628,Conserved
Ebola,147,0.3409471823317398,Conserved
Ebola,148,0.3385417138990502,Conserved
Ebola,149,0.33528552787532157,Conserved
Ebola,150,0.31518958977724554,Conserved
Ebola,151,0.31327745686403835,Conserved
Ebola,152,0.3229917406495329,Conserved
Ebola,153,0.3403497496105943,Conserved
Ebola,154,0.32216020191109146,Conserved
Ebola,155,0.32015254081169914,Conserved
Ebola,156,0.29657976698778327,Conserved
Ebola,157,0.30970084006500026,Conserved
Ebola,158,0.18183053714315484,Conserved
Ebola,159,0.3088137700075334,Conserved
Ebola,160,0.3289287327049858,Conserved
Ebola,161,0.33060684522005984,Conserved
Ebola,162,0.33059499107446655,Conserved
Ebola,163,0.33160449514282575,Conserved
Ebola,164,0.3298272430168154,Conserved
Ebola,165,0.3107141223925045,Conserved
Ebola,166,0.3189611305119143,Conserved
Ebola,167,0.30411682356069614,Conserved
Ebola,168,0.3347990589989168,Conserved
Ebola,169,0.33382311729594993,Conserved
Ebola,170,0.32695836222718677,Conserved
Ebola,171,0.32105482987508777,Conserved
Ebola,172,0.33628345917580366,Conserved
Ebola,173,0.21847545798374252,Conserved
Ebola,174,0.9337182661793432,Intermediate
Ebola,175,0.9077470814130009,Intermediate
Ebola,176,0.913228314200608,Intermediate
Ebola,177,0.9379599604627533,Intermediate
Ebola,178,0.9032360401339783,Intermediate
Ebola,179,0.21721612288404474,Conserved
Ebola,180,0.9477520717633511,Intermediate
Ebola,181,0.920164238519476,Intermediate
Ebola,182,0.9203834366594748,Intermediate
Ebola,183,0.886660288136846,Intermediate
Ebola,184,0.9302254078772142,Intermediate
Ebola,185,0.924898945138375,Intermediate
Ebola,186,0.9368610943960693,Intermediate
Ebola,187,0.9516702598919218,Intermediate
Ebola,188,0.9135323373603729,Intermediate
Ebola,189,0.2159364655598913,Conserved
Ebola,190,0.9342521136294931,Intermediate
Ebola,191,0.906653466739502,Intermediate
Ebola,192,0.207469242429034,Conserved
Ebola,193,0.8999875444128842,Intermediate
Ebola,194,0.23418309849733174,Conserved
Ebola,195,0.9301135373324921,Intermediate
Ebola,196,0.9332934162358668,Intermediate
Ebola,197,0.9231407752888623,Intermediate
Ebola,198,0.9451026158351723,Intermediate
Ebola,199,0.9489777324384564,Intermediate
Ebola,200,0.944060905986144,Intermediate
Ebola,201,0.9582948886120676,Intermediate
Ebola,202,0.9427895522064411,Intermediate
Ebola,203,0.9114394013966748,Intermediate
Ebola,204,0.941520123303974,Intermediate
Ebola,205,1.011814962877523,Hotspot
Ebola,206,1.2956505458754697,Hotspot
Ebola,207,1.2699173647839248,Hotspot
Ebola,208,1.2716559314721507,Hotspot
Ebola,209,0.5946629334797998,Intermediate
Ebola,210,1.2390420654028222,Hotspot
Ebola,211,1.1088192930571894,Hotspot
Ebola,212,0.5927631566080849,Intermediate
Ebola,213,1.2699317726506254,Hotspot
Ebola,214,1.1587773680989042,Hotspot
Ebola,215,0.35109909702234327,Conserved
Ebola,216,1.2325926673656113,Hotspot
Ebola,217,1.2696526028591846,Hotspot
Ebola,218,1.2934195979115255,Hotspot
Ebola,219,1.1605273159786866,Hotspot
Ebola,220,1.299970680087748,Hotspot
Ebola,221,1.2903118577204251,Hotspot
Ebola,222,1.2778121376737819,Hotspot
Ebola,223,1.260631800050323,Hotspot
Ebola,224,1.271535808542164,Hotspot
Ebola,225,1.2562449600907994,Hotspot
Ebola,226,1.0680894852921035,Hotspot
Ebola,227,1.2494466282325833,Hotspot
Ebola,228,1.1305437408993064,Hotspot
Ebola,229,1.4221335153097618,Hotspot
Ebola,230,1.249360087317877,Hotspot
Ebola,231,1.1960591712965134,Hotspot
Ebola,232,1.0476300934767018,Hotspot
Ebola,233,1.0936823861049125,Hotspot
Ebola,234,1.2901053277476424,Hotspot
Ebola,235,1.2996032532741069,Hotspot
Ebola,236,1.2745815791392123,Hotspot
Ebola,237,1.2855467542291197,Hotspot
Ebola,238,1.2733240052867483,Hotspot
Ebola,239,1.2822495443512618,Hotspot
Ebola,240,1.2688476345362254,Hotspot
Ebola,241,1.1740994670491234,Hotspot
Ebola,242,0.9902917152159245,Intermediate
Ebola,243,1.142556438211404,Hotspot
Ebola,244,1.2478579143065316,Hotspot
Ebola,245,1.3168596766560938,Hotspot
Ebola,246,1.2848755831073064,Hotspot
Ebola,247,1.123508246475825,Hotspot
Ebola,248,1.2792880229081385,Hotspot
Ebola,249,1.2979645811941927,Hotspot
Ebola,250,1.2875939202289646,Hotspot
Ebola,251,1.275545194706825,Hotspot
Ebola,252,0.6160689843088866,Intermediate
Ebola,253,1.288977788479154,Hotspot
Ebola,254,1.2882925319918457,Hotspot
Ebola,255,1.1699307743116705,Hotspot
Ebola,256,0.9989481324200369,Intermediate
Ebola,257,1.0517228174832902,Hotspot
Ebola,258,1.0188436774744076,Hotspot
Ebola,259,1.2639357863625473,Hotspot
Ebola,260,1.2966658718659365,Hotspot
Ebola,261,1.4554613687369573,Hotspot
Ebola,262,1.3117475723884113,Hotspot
Ebola,263,1.1996859237383342,Hotspot
Ebola,264,1.0497784734197813,Hotspot
Ebola,265,1.2922642755475406,Hotspot
Ebola,266,1.118217278387214,Hotspot
Ebola,267,1.260153421491916,Hotspot
Ebola,268,0.5817136077158455,Intermediate
Ebola,269,1.2147448471057016,Hotspot
Ebola,270,1.2734859747280693,Hotspot
Ebola,271,1.2587128536877707,Hotspot
Ebola,272,1.2105980109185568,Hotspot
Ebola,273,1.0223735870458595,Hotspot
Ebola,274,1.2552333690754867,Hotspot
Ebola,275,1.2988530880352724,Hotspot
Ebola,276,1.30245056533783,Hotspot
Ebola,277,1.2942783734694794,Hotspot
Ebola,278,1.2787757145576362,Hotspot
Ebola,279,1.1845672564716796,Hotspot
Ebola,280,1.2829800749266613,Hotspot
Ebola,281,1.1165037509263214,Hotspot
Ebola,282,0.6404860355609948,Intermediate
Ebola,283,1.2087121442591122,Hotspot
Ebola,284,1.328602253660402,Hotspot
Ebola,285,1.3075612724969559,Hotspot
Ebola,286,1.2626287355571544,Hotspot
Ebola,287,1.3168835484346453,Hotspot
Ebola,288,1.3267125496689007,Hotspot
Ebola,289,1.297589983253425,Hotspot
Ebola,290,1.2084087999097828,Hotspot
Ebola,291,1.0279413057726456,Hotspot
Ebola,292,1.3115327590807002,Hotspot
Ebola,293,1.3096688903243636,Hotspot
Ebola,294,1.6122617409502709,Hotspot
Ebola,295,1.574302629956555,Hotspot
Ebola,296,1.4327798877934268,Hotspot
Ebola,297,1.6101435223107874,Hotspot
Ebola,298,1.6231442790672816,Hotspot
Ebola,299,1.625225141986331,Hotspot
Ebola,300,1.6251541954885422,Hotspot
Ebola,301,1.5962467733952062,Hotspot
Ebola,302,0.9846053497671765,Intermediate
Ebola,303,1.3275118306582043,Hotspot
Ebola,304,1.553949500263672,Hotspot
Ebola,305,1.5429938816645896,Hotspot
Ebola,306,1.485243076551299,Hotspot
Ebola,307,1.6077684947207844,Hotspot
Ebola,308,1.5711994419611395,Hotspot
Ebola,309,1.4239336650054077,Hotspot
Ebola,310,1.5886412125129517,Hotspot
Ebola,311,1.5903739586215244,Hotspot
Ebola,312,1.613545604683502,Hotspot
Ebola,313,1.6407148675633014,Hotspot
Ebola,314,1.6299945946451377,Hotspot
Ebola,315,1.61955427194322,Hotspot
Ebola,316,1.5738699011289987,Hotspot
Ebola,317,1.5557721377643206,Hotspot
Ebola,318,1.5964049039797925,Hotspot
Ebola,319,1.5496508882382718,Hotspot
Ebola,320,1.580642925923862,Hotspot
Ebola,321,1.6026307597265654,Hotspot
Ebola,322,1.645895672287373,Hotspot
Ebola,323,1.6388482135478462,Hotspot
Ebola,324,1.609734150846836,Hotspot
Ebola,325,0.9889459473984441,Intermediate
Ebola,326,1.3316234492102057,Hotspot
Ebola,327,1.6494996463069933,Hotspot
Ebola,328,1.7244177059180672,Hotspot
Ebola,329,1.556226669408562,Hotspot
Ebola,330,1.5779237836349138,Hotspot
Ebola,331,1.295128854649868,Hotspot
Ebola,332,0.9707673474873758,Intermediate
Ebola,333,1.1972108005956288,Hotspot
Ebola,334,1.6025961459779028,Hotspot
Ebola,335,1.6811961526588892,Hotspot
Ebola,336,1.6401337489788754,Hotspot
Ebola,337,1.628481007903064,Hotspot
Ebola,338,1.5771219419667972,Hotspot
Ebola,339,1.6599523061652692,Hotspot
Ebola,340,1.649873119969524,Hotspot
Ebola,341,1.5916893856293508,Hotspot
Ebola,342,1.4111846261669083,Hotspot
Ebola,343,1.6276046062337866,Hotspot
Ebola,344,1.6120836783119838,Hotspot
Ebola,345,0.9678658243733818,Intermediate
Ebola,346,1.189423564830262,Hotspot
Ebola,347,1.3245732904287804,Hotspot
Ebola,348,1.474292503577986,Hotspot
Ebola,349,1.3988616306852648,Hotspot
Ebola,350,1.3887154263515966,Hotspot
Ebola,351,1.4649113486106422,Hotspot
Ebola,352,1.5729767558574805,Hotspot
Ebola,353,1.5763804202454577,Hotspot
Ebola,354,1.6432796790148174,Hotspot
Ebola,355,1.6251076925542498,Hotspot
Ebola,356,1.6284806704651829,Hotspot
Ebola,357,1.622237747107123,Hotspot
Ebola,358,1.0196485399307895,Hotspot
Ebola,359,1.2794243940912189,Hotspot
Ebola,360,1.5527877376489898,Hotspot
Ebola,361,1.4044806409210484,Hotspot
Ebola,362,1.5550564579427038,Hotspot
Ebola,363,1.518476571124835,Hotspot
Ebola,364,0.7760310730946328,Intermediate
Ebola,365,1.2124396436638267,Hotspot
Ebola,366,1.4632575904147533,Hotspot
Ebola,367,1.472721272654384,Hotspot
Ebola,368,1.6628472384439033,Hotspot
Ebola,369,1.7989529422409638,Hotspot
Ebola,370,1.5791581103217929,Hotspot
Ebola,371,1.3488452918611589,Hotspot
Ebola,372,1.4935528725525702,Hotspot
Ebola,373,1.552857220298377,Hotspot
Ebola,374,1.4414597555517632,Hotspot
Ebola,375,0.931827584695398,Intermediate
Ebola,376,1.340166555617409,Hotspot
Ebola,377,0.8948461492749599,Intermediate
Ebola,378,1.1352893354828033,Hotspot
Ebola,379,1.394109659143369,Hotspot
Ebola,380,1.7586066080755687,Hotspot
Ebola,381,1.701768923124609,Hotspot
Ebola,382,1.7641190818987598,Hotspot
Ebola,383,1.7590395145763278,Hotspot
Ebola,384,1.6428207891287008,Hotspot
Ebola,385,1.6937557423175917,Hotspot
Ebola,386,1.6449455138207252,Hotspot
Ebola,387,1.6660828482236367,Hotspot
Ebola,388,1.7724070545785555,Hotspot
Ebola,389,1.563185895484653,Hotspot
Ebola,390,1.7554956470880894,Hotspot
Ebola,391,1.6468343971610557,Hotspot
Ebola,392,1.8343280304216318,Hotspot
Ebola,393,1.7785004315589215,Hotspot
Ebola,394,1.7811474428436322,Hotspot
Ebola,395,1.7886542780883679,Hotspot
Ebola,396,1.7400125679660827,Hotspot
Ebola,397,1.782930759884947,Hotspot
Ebola,398,1.6408926894727227,Hotspot
Ebola,399,1.7569849356440763,Hotspot
Ebola,400,1.7511546599888963,Hotspot
Ebola,401,1.7421803259577908,Hotspot
Ebola,402,1.6935071510950301,Hotspot
Ebola,403,1.8009366669123807,Hotspot
Ebola,404,1.7145154263838696,Hotspot
Ebola,405,1.3303639179450004,Hotspot
Ebola,406,1.4854274533172263,Hotspot
Ebola,407,1.4175026126010917,Hotspot
Ebola,408,1.614854816056749,Hotspot
Ebola,409,1.718448649374421,Hotspot
Ebola,410,1.461456628302075,Hotspot
Ebola,411,1.607836514993132,Hotspot
Ebola,412,1.737810236038213,Hotspot
Ebola,413,1.6708886933694826,Hotspot
Ebola,414,1.5916855782322883,Hotspot
Ebola,415,1.7986502843320458,Hotspot
Ebola,416,1.7898080183903073,Hotspot
Ebola,417,1.879408501766967,Hotspot
Ebola,418,1.7401831743773573,Hotspot
Ebola,419,1.5154276959064579,Hotspot
Ebola,420,1.675603884603688,Hotspot
Ebola,421,1.6586263220893764,Hotspot
Ebola,422,1.1855756048046873,Hotspot
Ebola,423,1.614391118207776,Hotspot
Ebola,424,1.6355001871643762,Hotspot
Ebola,425,1.8116248660752523,Hotspot
Ebola,426,2.1045978156641634,Hotspot
Ebola,427,2.135773371470119,Hotspot
Ebola,428,2.0810211080464565,Hotspot
Ebola,429,2.20137582427715,Hotspot
Ebola,430,2.1452168843136152,Hotspot
Ebola,431,1.9290613804616015,Hotspot
Ebola,432,1.5429360031702861,Hotspot
Ebola,433,1.4426385885463924,Hotspot
Ebola,434,2.0045318100151186,Hotspot
Ebola,435,1.7819578887354184,Hotspot
Ebola,436,1.582693708125487,Hotspot
Ebola,437,2.041600493506066,Hotspot
Ebola,438,1.8222490090704708,Hotspot
Ebola,439,2.0646342900584043,Hotspot
Ebola,440,2.0033581967062073,Hotspot
Ebola,441,1.8771376686238106,Hotspot
Ebola,442,1.6647802457175882,Hotspot
Ebola,443,2.00948037060386,Hotspot
Ebola,444,1.971443795757073,Hotspot
Ebola,445,1.632911977743524,Hotspot
Ebola,446,1.2200157669407918,Hotspot
Ebola,447,1.434739153490103,Hotspot
Ebola,448,1.8433845566718496,Hotspot
Ebola,449,2.052159434139726,Hotspot
Ebola,450,2.0830860684003314,Hotspot
Ebola,451,2.168467027052524,Hotspot
Ebola,452,2.1563690017787627,Hotspot
Ebola,453,2.2068506249124047,Hotspot
Ebola,454,2.1931994244292725,Hotspot
Ebola,455,2.0604215100994394,Hotspot
Ebola,456,1.953771059422033,Hotspot
Ebola,457,1.9131289028688665,Hotspot
Ebola,458,1.7638797815425338,Hotspot
Ebola,459,1.3104010889599464,Hotspot
Ebola,460,1.4694701458865191,Hotspot
Ebola,461,1.8097348918111549,Hotspot
Ebola,462,1.943039423876872,Hotspot
Ebola,463,1.8150671340848321,Hotspot
Ebola,464,1.9205898123256122,Hotspot
Ebola,465,2.1628563880571083,Hotspot
Ebola,466,2.099332294373603,Hotspot
Ebola,467,1.9461848850297463,Hotspot
Ebola,468,1.884060955067443,Hotspot
Ebola,469,1.7548659435760567,Hotspot
Ebola,470,1.775276228190365,Hotspot
Ebola,471,1.509058009104549,Hotspot
Ebola,472,1.6767141155580931,Hotspot
Ebola,473,1.6851893511458174,Hotspot
Ebola,474,1.8998197245934543,Hotspot
Ebola,475,1.7301969166922324,Hotspot
Ebola,476,1.862457547232935,Hotspot
Ebola,477,1.6702659811637992,Hotspot
Ebola,478,1.8091925315044364,Hotspot
Ebola,479,1.8467937391665874,Hotspot
Ebola,480,1.8166110410075822,Hotspot
Ebola,481,1.4235030290045974,Hotspot
Ebola,482,2.014327818258265,Hotspot
Ebola,483,2.061688878906924,Hotspot
Ebola,484,2.063367523841438,Hotspot
Ebola,485,1.9353526803645378,Hotspot
Ebola,486,1.797718698878929,Hotspot
Ebola,487,1.9880762182381084,Hotspot
Ebola,488,2.120392857449444,Hotspot
Ebola,489,2.102882006407067,Hotspot
Ebola,490,2.035742655205416,Hotspot
Ebola,491,1.9070842821070635,Hotspot
Ebola,492,2.007311963341193,Hotspot
Ebola,493,1.6553854358836084,Hotspot
Ebola,494,1.7005753437316993,Hotspot
Ebola,495,1.595766029718931,Hotspot
Ebola,496,1.2418635066089312,Hotspot
Ebola,497,1.779038347842491,Hotspot
Ebola,498,1.8393174568078257,Hotspot
Ebola,499,1.9080376484813093,Hotspot
Ebola,500,2.1196717244758503,Hotspot
Ebola,501,1.738273892974923,Hotspot
Ebola,502,2.1177990438127066,Hotspot
Ebola,503,2.226869417595252,Hotspot
Ebola,504,2.197722934569584,Hotspot
Ebola,505,2.176739862389104,Hotspot
Ebola,506,2.1204234267425632,Hotspot
Ebola,507,2.1828291556652304,Hotspot
Ebola,508,2.159948919795209,Hotspot
Ebola,509,2.1125773997440556,Hotspot
Ebola,510,1.7369021417601063,Hotspot
Ebola,511,2.0753403054035355,Hotspot
Ebola,512,2.2039405883616525,Hotspot
Ebola,513,2.1934030060777507,Hotspot
Ebola,514,2.1490063210609156,Hotspot
Ebola,515,1.9831360330524719,Hotspot
Ebola,516,1.8924377772851528,Hotspot
Ebola,517,1.626422135292636,Hotspot
Ebola,518,1.8651425889051632,Hotspot
Ebola,519,2.1365878558173788,Hotspot
Ebola,520,2.17790220870677,Hotspot
Ebola,521,2.045763131490949,Hotspot
Ebola,522,1.9442828099833607,Hotspot
Ebola,523,1.6507238244801217,Hotspot
Ebola,524,1.8378072365727398,Hotspot
Ebola,525,1.9622057918935687,Hotspot
Ebola,526,1.9148193466424348,Hotspot
Ebola,527,1.9311387639016244,Hotspot
Ebola,528,2.0394268020560515,Hotspot
Ebola,529,2.2204580148066273,Hotspot
Ebola,530,2.2186129824741547,Hotspot
Ebola,531,2.215118453571259,Hotspot
Ebola,532,2.1428203469266625,Hotspot
Ebola,533,2.209171423037273,Hotspot
Ebola,534,2.0432161603214802,Hotspot
Ebola,535,1.8648564864665818,Hotspot
Ebola,536,1.8280856252097584,Hotspot
Ebola,537,1.840719383976302,Hotspot
Ebola,538,2.1515815277192227,Hotspot
Ebola,539,2.123387620218213,Hotspot
Ebola,540,2.185889036122124,Hotspot
Ebola,541,2.2210310854913238,Hotspot
Ebola,542,2.1089781264161807,Hotspot
Ebola,543,2.21176713961891,Hotspot
Ebola,544,2.102353436922075,Hotspot
Ebola,545,2.179586161774958,Hotspot
Ebola,546,2.1775567421761908,Hotspot
Ebola,547,2.2703163066503618,Hotspot
Ebola,548,2.2202650604832304,Hotspot
Ebola,549,2.194056850117298,Hotspot
Ebola,550,2.1604162405449174,Hotspot
Ebola,551,2.1734579939425243,Hotspot
Ebola,552,1.8706212538094469,Hotspot
Ebola,553,2.0618207805777757,Hotspot
Ebola,554,2.204356826527419,Hotspot
Ebola,555,2.219423371598738,Hotspot
Ebola,556,1.893817509207555,Hotspot
Ebola,557,2.008728456609462,Hotspot
Ebola,558,2.033745872089891,Hotspot
Ebola,559,2.0819107672311286,Hotspot
Ebola,560,2.1331735949946418,Hotspot
Ebola,561,2.0767019942828577,Hotspot
Ebola,562,2.0416050510062695,Hotspot
Ebola,563,1.8399446320067427,Hotspot
Ebola,564,1.810345078084166,Hotspot
Ebola,565,1.8498999369186926,Hotspot
Ebola,566,1.7416835427702129,Hotspot
Ebola,567,1.5409055442257973,Hotspot
Ebola,568,1.7321019885372109,Hotspot
Ebola,569,1.7276588288456958,Hotspot
Ebola,570,2.092530685932575,Hotspot
Ebola,571,2.156959353141174,Hotspot
Ebola,572,2.0632253816760633,Hotspot
Ebola,573,1.9186478720257407,Hotspot
Ebola,574,1.8674275224800994,Hotspot
Ebola,575,1.8853661544186997,Hotspot
Ebola,576,2.099964023048124,Hotspot
Ebola,577,2.0853501048358085,Hotspot
Ebola,578,2.2572048322859093,Hotspot
Ebola,579,2.245532291840633,Hotspot
Ebola,580,2.2580710233495256,Hotspot
Ebola,581,2.209243394174266,Hotspot
Ebola,582,2.1999545146371,Hotspot
Ebola,583,2.1808772480385037,Hotspot
Ebola,584,2.2813652107101117,Hotspot
Ebola,585,2.25514817476224,Hotspot
Ebola,586,2.187876145394475,Hotspot
Ebola,587,2.1269591063131674,Hotspot
Ebola,588,2.1801007495192604,Hotspot
Ebola,589,2.0634973753120853,Hotspot
Ebola,590,2.034982199688307,Hotspot
Ebola,591,1.9095683843859392,Hotspot
Ebola,592,1.9494401854447345,Hotspot
Ebola,593,2.208071794194944,Hotspot
Ebola,594,2.083364955685624,Hotspot
Ebola,595,2.04970951525384,Hotspot
Ebola,596,1.8251252016193837,Hotspot
Ebola,597,1.9019053349348463,Hotspot
Ebola,598,2.157971761314456,Hotspot
Ebola,599,2.0315151616146117,Hotspot
Ebola,600,2.0494153993130513,Hotspot
Ebola,601,2.1222977478219898,Hotspot
Ebola,602,2.1295700420026953,Hotspot
Ebola,603,2.141991134480606,Hotspot
Ebola,604,2.0638268062466687,Hotspot
Ebola,605,1.766142770695702,Hotspot
Ebola,606,1.8296855534777896,Hotspot
Ebola,607,1.9241362573887826,Hotspot
Ebola,608,2.1790982310492217,Hotspot
Ebola,609,2.1000863337967886,Hotspot
Ebola,610,2.0985798605918244,Hotspot
Ebola,611,2.139766082313347,Hotspot
Ebola,612,2.0911603010201536,Hotspot
Ebola,613,1.9879405755030053,Hotspot
Ebola,614,1.9424331842609344,Hotspot
Ebola,615,1.9844249284492692,Hotspot
Ebola,616,1.9565967291325355,Hotspot
Ebola,617,2.0389932506849475,Hotspot
Ebola,618,1.9813984257860926,Hotspot
Ebola,619,1.8489846897074924,Hotspot
Ebola,620,1.9783683389433442,Hotspot
Ebola,621,1.8029107946783376,Hotspot
Ebola,622,1.8290420869602304,Hotspot
Ebola,623,1.7327307144511044,Hotspot
Ebola,624,1.7801283501013425,Hotspot
Ebola,625,1.7071084002250914,Hotspot
Ebola,626,2.1573145677937964,Hotspot
Ebola,627,1.9577023173031627,Hotspot
Ebola,628,1.9869989686799954,Hotspot
Ebola,629,2.1298183255596115,Hotspot
Ebola,630,2.13459585527174,Hotspot
Ebola,631,2.1395292877859995,Hotspot
Ebola,632,2.054910351470901,Hotspot
Ebola,633,2.159307499338329,Hotspot
Ebola,634,2.141969378733844,Hotspot
Ebola,635,1.9181725020007125,Hotspot
Ebola,636,1.9745429955515712,Hotspot
Ebola,637,2.0278566417588095,Hotspot
Ebola,638,1.6325461987814864,Hotspot
Ebola,639,1.5964190084293048,Hotspot
Ebola,640,1.926032925205952,Hotspot
Ebola,641,2.008540372746658,Hotspot
Ebola,642,1.7193303680172192,Hotspot
Ebola,643,1.5841562747645748,Hotspot
Ebola,644,2.0044512124863942,Hotspot
Ebola,645,2.1315929566464322,Hotspot
Ebola,646,1.8839630122816342,Hotspot
Ebola,647,1.946600986644305,Hotspot
Ebola,648,2.0767831654788202,Hotspot
Ebola,649,2.0060063049352217,Hotspot
Ebola,650,1.7625081307422905,Hotspot
Ebola,651,1.667823279585088,Hotspot
Ebola,652,1.6803979016560817,Hotspot
Ebola,653,1.329956601102701,Hotspot
Ebola,654,1.5692975962582603,Hotspot
Ebola,655,1.4984295816048812,Hotspot
Ebola,656,1.3519844902325269,Hotspot
Ebola,657,1.6159651133755397,Hotspot
Ebola,658,1.6437176147862584,Hotspot
Ebola,659,1.5087162496287427,Hotspot
Ebola,660,1.1468633769488787,Hotspot
Ebola,661,1.1410010319758366,Hotspot
Ebola,662,1.318231605145526,Hotspot
Ebola,663,1.6055824392074858,Hotspot
Ebola,664,1.766732168865888,Hotspot
Ebola,665,1.705299483163136,Hotspot
Ebola,666,1.7273741375811116,Hotspot
Ebola,667,1.588835674743943,Hotspot
Ebola,668,1.2382342445478807,Hotspot
Ebola,669,1.5855953145785313,Hotspot
Ebola,670,1.6820569847746287,Hotspot
Ebola,671,1.5161448493084335,Hotspot
Ebola,672,0.8921345905165977,Intermediate
Ebola,673,0.7767861530913927,Intermediate
Ebola,674,0.5106016607040084,Intermediate
Ebola,675,0.2548646618349998,Conserved
Lassa,0,3.4905264893309793,Hotspot
Lassa,1,3.557266021967302,Hotspot
Lassa,2,3.6537744630837325,Hotspot
Lassa,3,3.50493085871423,Hotspot
Lassa,4,3.645489459678069,Hotspot
Lassa,5,3.5993391909397077,Hotspot
Lassa,6,3.757218462087954,Hotspot
Lassa,7,3.7107750883653363,Hotspot
Lassa,8,3.9458960110387507,Hotspot
Lassa,9,3.723458394887638,Hotspot
Lassa,10,3.8829512223208438,Hotspot
Lassa,11,4.067838230187279,Hotspot
Lassa,12,3.8977506551503174,Hotspot
Lassa,13,3.889942550932089,Hotspot
Lassa,14,4.013316440302463,Hotspot
Lassa,15,3.9084512692313473,Hotspot
Lassa,16,4.056907748505239,Hotspot
Lassa,17,4.021050742558281,Hotspot
Lassa,18,4.067337213499587,Hotspot
Lassa,19,4.027143184832074,Hotspot
Lassa,20,3.997337393678778,Hotspot
Lassa,21,4.076766696522102,Hotspot
Lassa,22,3.990752231487317,Hotspot
Lassa,23,3.89762783917622,Hotspot
Lassa,24,3.952990738843024,Hotspot
Lassa,25,4.023237231408209,Hotspot
Lassa,26,4.053492739094866,Hotspot
Lassa,27,4.006429599663782,Hotspot
Lassa,28,3.9233704107584195,Hotspot
Lassa,29,4.032210368456906,Hotspot
Lassa,30,4.020093202509643,Hotspot
Lassa,31,3.960045356415489,Hotspot
Lassa,32,3.9216833151095076,Hotspot
Lassa,33,3.966271154211114,Hotspot
Lassa,34,3.9569767825329367,Hotspot
Lassa,35,4.010865584040959,Hotspot
Lassa,36,4.027523350934995,Hotspot
Lassa,37,3.990750413160574,Hotspot
Lassa,38,3.9945402290713914,Hotspot
Lassa,39,4.112767779881191,Hotspot
Lassa,40,4.009372842487215,Hotspot
Lassa,41,3.8923603964917657,Hotspot
Lassa,42,3.799519627783288,Hotspot
Lassa,43,3.9672907299224516,Hotspot
Lassa,44,3.8213542014437967,Hotspot
Lassa,45,3.704940013630422,Hotspot
Lassa,46,3.736486852770369,Hotspot
Lassa,47,3.9721709638996208,Hotspot
Lassa,48,3.892604286058658,Hotspot
Lassa,49,3.842708971968578,Hotspot
Lassa,50,4.088674272261148,Hotspot
Lassa,51,3.9467524313835796,Hotspot
Lassa,52,3.9446848146209246,Hotspot
Lassa,53,3.963974387986504,Hotspot
Lassa,54,3.9896165133092216,Hotspot
Lassa,55,3.967314938067054,Hotspot
Lassa,56,4.0026145365498635,Hotspot
Lassa,57,3.9715285169566097,Hotspot
Lassa,58,3.932180169406191,Hotspot
Lassa,59,3.9728552247232747,Hotspot
Lassa,60,3.85006229365863,Hotspot
Lassa,61,3.8585280719755244,Hotspot
Lassa,62,3.8096830330688607,Hotspot
Lassa,63,3.862508917352551,Hotspot
Lassa,64,3.8975245159746863,Hotspot
Lassa,65,3.876162774633547,Hotspot
Lassa,66,3.6838827104588274,Hotspot
Lassa,67,3.7569440274267576,Hotspot
Lassa,68,3.803144003559544,Hotspot
Lassa,69,3.902079797806805,Hotspot
Lassa,70,3.9658882728784963,Hotspot
Lassa,71,3.960626194324284,Hotspot
Lassa,72,3.9511105732593474,Hotspot
Lassa,73,4.052116134860045,Hotspot
Lassa,74,4.013950857051395,Hotspot
Lassa,75,3.958674863676401,Hotspot
Lassa,76,3.842518901536146,Hotspot
Lassa,77,3.943941273617702,Hotspot
Lassa,78,3.948925256516412,Hotspot
Lassa,79,3.9778456520832974,Hotspot
Lassa,80,3.9742086465181834,Hotspot
Lassa,81,4.0683894402608525,Hotspot
Lassa,82,4.0427822742934705,Hotspot
Lassa,83,4.092710494746328,Hotspot
Lassa,84,4.060762805856835,Hotspot
Lassa,85,3.942446583759771,Hotspot
Lassa,86,3.8947449613188567,Hotspot
Lassa,87,3.9614090047930746,Hotspot
Lassa,88,4.039373275082807,Hotspot
Lassa,89,4.006449036086424,Hotspot
Lassa,90,4.012968278806,Hotspot
Lassa,91,4.095948631879435,Hotspot
Lassa,92,4.053490906229719,Hotspot
Lassa,93,4.0898669967611205,Hotspot
Lassa,94,4.010891789036027,Hotspot
Lassa,95,3.9817946582661023,Hotspot
Lassa,96,3.924390057130412,Hotspot
Lassa,97,3.9065319331014403,Hotspot
Lassa,98,3.894724382484027,Hotspot
Lassa,99,3.8664438775720966,Hotspot
Lassa,100,3.9139635129898878,Hotspot
Lassa,101,3.9983430166962806,Hotspot
Lassa,102,3.9722020576384236,Hotspot
Lassa,103,3.944262297546718,Hotspot
Lassa,104,3.9146552862107185,Hotspot
Lassa,105,4.01408321322552,Hotspot
Lassa,106,3.8928198942313994,Hotspot
Lassa,107,3.891604678619857,Hotspot
Lassa,108,3.837499922128083,Hotspot
Lassa,109,3.9077728020330564,Hotspot
Lassa,110,3.995245860067474,Hotspot
Lassa,111,4.078484380300266,Hotspot
Lassa,112,4.142222668770228,Hotspot
Lassa,113,4.189352994271017,Hotspot
Lassa,114,4.116399213531173,Hotspot
Lassa,115,4.115560827769759,Hotspot
Lassa,116,3.984602994049293,Hotspot
Lassa,117,3.9567087459220804,Hotspot
Lassa,118,3.943143440768957,Hotspot
Lassa,119,3.943006470156021,Hotspot
Lassa,120,3.9814683486040887,Hotspot
Lassa,121,3.9401729904475857,Hotspot
Lassa,122,3.831822097293902,Hotspot
Lassa,123,3.886460729074786,Hotspot
Lassa,124,3.839675197784474,Hotspot
Lassa,125,3.8386153703608903,Hotspot
Lassa,126,3.8892768931617554,Hotspot
Lassa,127,3.8431138612698126,Hotspot
Lassa,128,3.9163902994449287,Hotspot
Lassa,129,3.9450538019423127,Hotspot
Lassa,130,3.9359547708301155,Hotspot
Lassa,131,3.9905854601237154,Hotspot
Lassa,132,4.029723519278389,Hotspot
Lassa,133,3.9824583592107903,Hotspot
Lassa,134,4.006941796366862,Hotspot
Lassa,135,3.8894713194228347,Hotspot
Lassa,136,3.952091943703258,Hotspot
Lassa,137,3.83423041538939,Hotspot
Lassa,138,3.8709060999724496,Hotspot
Lassa,139,3.930592952045863,Hotspot
Lassa,140,3.9374364395620898,Hotspot
Lassa,141,3.998149472624342,Hotspot
Lassa,142,3.9084552685127365,Hotspot
Lassa,143,3.91073026299823,Hotspot
Lassa,144,3.948215760291354,Hotspot
Lassa,145,3.9163031747598085,Hotspot
Lassa,146,3.865842920816154,Hotspot
Lassa,147,3.918873665368308,Hotspot
Lassa,148,3.9237098740067253,Hotspot
Lassa,149,3.9637147712379104,Hotspot
Lassa,150,3.8106912028359705,Hotspot
Lassa,151,3.796297438157424,Hotspot
Lassa,152,3.727349939059738,Hotspot
Lassa,153,3.8381594091580453,Hotspot
Lassa,154,3.8253410472254,Hotspot
Lassa,155,3.869586935400235,Hotspot
Lassa,156,3.898940906731296,Hotspot
Lassa,157,3.8619667014366508,Hotspot
Lassa,158,3.951664737466361,Hotspot
Lassa,159,3.971929532538687,Hotspot
Lassa,160,4.010924424382399,Hotspot
Lassa,161,3.917947399403524,Hotspot
Lassa,162,3.9533152940512712,Hotspot
Lassa,163,4.046151958390899,Hotspot
Lassa,164,4.11209350708365,Hotspot
Lassa,165,4.102746342245546,Hotspot
Lassa,166,4.1827977646935794,Hotspot
Lassa,167,4.166664660345089,Hotspot
Lassa,168,4.111609243900075,Hotspot
Lassa,169,4.040714893927243,Hotspot
Lassa,170,4.0919332496886485,Hotspot
Lassa,171,4.099160867164945,Hotspot
Lassa,172,4.081618869025364,Hotspot
Lassa,173,4.050977765830723,Hotspot
Lassa,174,4.066505327245105,Hotspot
Lassa,175,4.104613372489704,Hotspot
Lassa,176,4.10202025332528,Hotspot
Lassa,177,4.002573340252796,Hotspot
Lassa,178,3.975771825118379,Hotspot
Lassa,179,3.9580711386195913,Hotspot
Lassa,180,4.013116612175106,Hotspot
Lassa,181,3.9809562546575665,Hotspot
Lassa,182,3.949162616187528,Hotspot
Lassa,183,3.9669997708886253,Hotspot
Lassa,184,4.036420181063045,Hotspot
Lassa,185,4.032823729904661,Hotspot
Lassa,186,4.050997022095088,Hotspot
Lassa,187,4.077656469871065,Hotspot
Lassa,188,4.120004808585764,Hotspot
Lassa,189,4.092726734198845,Hotspot
Lassa,190,4.086229520846085,Hotspot
Lassa,191,4.031265680492717,Hotspot
Lassa,192,3.982013593363307,Hotspot
Lassa,193,4.004323377216176,Hotspot
Lassa,194,4.047701582163824,Hotspot
Lassa,195,4.002251804443387,Hotspot
Lassa,196,4.045765527071979,Hotspot
Lassa,197,4.0379401053199615,Hotspot
Lassa,198,3.9179116017318343,Hotspot
Lassa,199,3.8896943337766876,Hotspot
Lassa,200,3.8108668930620992,Hotspot
Lassa,201,3.961788658652635,Hotspot
Lassa,202,3.879348326325442,Hotspot
Lassa,203,3.9110189155790587,Hotspot
Lassa,204,4.005016649171095,Hotspot
Lassa,205,4.021331889684092,Hotspot
Lassa,206,3.9770639017974703,Hotspot
Lassa,207,3.9486091046141927,Hotspot
Lassa,208,4.058942361967566,Hotspot
Lassa,209,4.073806374210411,Hotspot
Lassa,210,4.0584687193259015,Hotspot
Lassa,211,4.041090473039656,Hotspot
Lassa,212,3.9646008531997325,Hotspot
Lassa,213,3.930376832254955,Hotspot
Lassa,214,3.8745898181699636,Hotspot
Lassa,215,3.9499931972023146,Hotspot
Lassa,216,3.900351772755536,Hotspot
Lassa,217,3.9711801178468145,Hotspot
Lassa,218,3.8202628851197535,Hotspot
Lassa,219,3.930626285530606,Hotspot
Lassa,220,3.8077614850780375,Hotspot
Lassa,221,3.903586549150973,Hotspot
Lassa,222,3.861413148245916,Hotspot
Lassa,223,3.954324587349166,Hotspot
Lassa,224,4.007359646085698,Hotspot
Lassa,225,4.053739655549665,Hotspot
Lassa,226,4.107785972914196,Hotspot
Lassa,227,4.126079727233878,Hotspot
Lassa,228,4.096667145862935,Hotspot
Lassa,229,4.112374601587571,Hotspot
Lassa,230,4.005937332645066,Hotspot
Lassa,231,4.015296921029315,Hotspot
Lassa,232,3.9378707417232546,Hotspot
Lassa,233,3.906289851899824,Hotspot
Lassa,234,3.803574654018512,Hotspot
Lassa,235,3.9056382876376348,Hotspot
Lassa,236,3.853351011101914,Hotspot
Lassa,237,3.8686982120234865,Hotspot
Lassa,238,3.964320025538572,Hotspot
Lassa,239,3.9316469234160007,Hotspot
Lassa,240,4.0264749441337795,Hotspot
Lassa,241,4.070589562778313,Hotspot
Lassa,242,4.065865698624733,Hotspot
Lassa,243,4.021206062161236,Hotspot
Lassa,244,3.997370783375713,Hotspot
Lassa,245,4.096909387296075,Hotspot
Lassa,246,4.1128193279827245,Hotspot
Lassa,247,4.0765065395191735,Hotspot
Lassa,248,4.119068522590468,Hotspot
Lassa,249,4.112539218516209,Hotspot
Lassa,250,4.084529929661187,Hotspot
Lassa,251,4.032227046633865,Hotspot
Lassa,252,4.014296533033874,Hotspot
Lassa,253,3.9630676475125086,Hotspot
Lassa,254,3.9301956623533547,Hotspot
Lassa,255,3.9182709787371617,Hotspot
Lassa,256,3.9057787731837057,Hotspot
Lassa,257,3.8282062475465084,Hotspot
Lassa,258,3.8259261565551173,Hotspot
Lassa,259,3.7225640029178044,Hotspot
Lassa,260,3.860464637497149,Hotspot
Lassa,261,3.8133558750096266,Hotspot
Lassa,262,3.967008422402468,Hotspot
Lassa,263,3.9470974116885365,Hotspot
Lassa,264,3.9786167822913447,Hotspot
Lassa,265,3.961999002314778,Hotspot
Lassa,266,3.994878500084182,Hotspot
Lassa,267,3.962422443823147,Hotspot
Lassa,268,4.007129169484694,Hotspot
Lassa,269,3.995473140958934,Hotspot
Lassa,270,3.9513791191423904,Hotspot
Lassa,271,3.931649269399759,Hotspot
Lassa,272,3.980544307539307,Hotspot
Lassa,273,3.8259294045493286,Hotspot
Lassa,274,3.706075557815624,Hotspot
Lassa,275,3.8194490489471704,Hotspot
Lassa,276,3.803817958310898,Hotspot
Lassa,277,3.848444953185027,Hotspot
Lassa,278,3.8446268645523722,Hotspot
Lassa,279,3.9373168259011018,Hotspot
Lassa,280,4.001901681165341,Hotspot
Lassa,281,3.972709952672827,Hotspot
Lassa,282,3.920569611137036,Hotspot
Lassa,283,3.866996468272468,Hotspot
Lassa,284,3.879560109454351,Hotspot
Lassa,285,3.962097825054119,Hotspot
Lassa,286,3.925766495137875,Hotspot
Lassa,287,3.952494468033115,Hotspot
Lassa,288,4.022535714347623,Hotspot
Lassa,289,4.043703499237402,Hotspot
Lassa,290,4.107535995956639,Hotspot
Lassa,291,4.096562264110206,Hotspot
Lassa,292,4.068044117557674,Hotspot
Lassa,293,4.09553824383152,Hotspot
Lassa,294,4.044424018100789,Hotspot
Lassa,295,4.0298582149091455,Hotspot
Lassa,296,4.034388857794045,Hotspot
Lassa,297,4.049693377628056,Hotspot
Lassa,298,3.9903090219631703,Hotspot
Lassa,299,4.01232796610067,Hotspot
Lassa,300,4.046554752853057,Hotspot
Lassa,301,4.016387016167531,Hotspot
Lassa,302,4.075504881609275,Hotspot
Lassa,303,3.9464721174106576,Hotspot
Lassa,304,3.8567527778260366,Hotspot
Lassa,305,3.8967057986378144,Hotspot
Lassa,306,3.8496076308074367,Hotspot
Lassa,307,3.91975777691392,Hotspot
Lassa,308,3.9656633226921594,Hotspot
Lassa,309,3.9798181284039065,Hotspot
Lassa,310,4.019445332862966,Hotspot
Lassa,311,4.023537420502114,Hotspot
Lassa,312,4.037879816477482,Hotspot
Lassa,313,4.0226728248149906,Hotspot
Lassa,314,3.9889256276722436,Hotspot
Lassa,315,3.9884139830674386,Hotspot
Lassa,316,3.931950459916444,Hotspot
Lassa,317,3.9221305033509686,Hotspot
Lassa,318,3.898931963932933,Hotspot
Lassa,319,3.9142710857190792,Hotspot
Lassa,320,3.951783077143023,Hotspot
Lassa,321,3.8552337749498746,Hotspot
Lassa,322,3.877759433610639,Hotspot
Lassa,323,3.9413556201500026,Hotspot
Lassa,324,3.9946388474462062,Hotspot
Lassa,325,3.9970030767175055,Hotspot
Lassa,326,4.088885178613267,Hotspot
Lassa,327,4.090236143864862,Hotspot
Lassa,328,4.076808868787506,Hotspot
Lassa,329,4.0192566113260675,Hotspot
Lassa,330,3.9859396294816816,Hotspot
Lassa,331,3.940901393428865,Hotspot
Lassa,332,3.9744203096051542,Hotspot
Lassa,333,3.9626342073825955,Hotspot
Lassa,334,3.9951950242246252,Hotspot
Lassa,335,4.019901063608221,Hotspot
Lassa,336,4.048374600061829,Hotspot
Lassa,337,4.065716136799901,Hotspot
Lassa,338,4.026819151149209,Hotspot
Lassa,339,4.098183676235404,Hotspot
Lassa,340,4.093834865215089,Hotspot
Lassa,341,4.060318663637227,Hotspot
Lassa,342,4.035609954447274,Hotspot
Lassa,343,4.001020482716225,Hotspot
Lassa,344,3.9932527290373288,Hotspot
Lassa,345,3.9957339828780922,Hotspot
Lassa,346,4.057475327331448,Hotspot
Lassa,347,4.032230104039973,Hotspot
Lassa,348,4.028310901189918,Hotspot
Lassa,349,3.9834213661575166,Hotspot
Lassa,350,3.832526031086146,Hotspot
Lassa,351,3.7491853108987385,Hotspot
Lassa,352,3.736785735268922,Hotspot
Lassa,353,3.680788013095396,Hotspot
Lassa,354,3.7792371576653045,Hotspot
Lassa,355,3.808502714202563,Hotspot
Lassa,356,3.890605943812149,Hotspot
Lassa,357,3.8530916608194734,Hotspot
Lassa,358,3.8533083237350514,Hotspot
Lassa,359,3.866268696061774,Hotspot
Lassa,360,3.9576386863901107,Hotspot
Lassa,361,4.007578161603734,Hotspot
Lassa,362,4.0714817834331285,Hotspot
Lassa,363,4.027045094586145,Hotspot
Lassa,364,4.09414308154217,Hotspot
Lassa,365,4.144173063906356,Hotspot
Lassa,366,4.153490979484799,Hotspot
Lassa,367,4.173044399289287,Hotspot
Lassa,368,4.112034343287065,Hotspot
Lassa,369,4.11284618563046,Hotspot
Lassa,370,4.114794380521584,Hotspot
Lassa,371,4.115347604965232,Hotspot
Lassa,372,4.045450046878813,Hotspot
Lassa,373,4.060458626450055,Hotspot
Lassa,374,4.054978516984343,Hotspot
Lassa,375,4.04121254004787,Hotspot
Lassa,376,4.0536976701816165,Hotspot
Lassa,377,4.088130486065655,Hotspot
Lassa,378,4.152336390346717,Hotspot
Lassa,379,4.110844482201928,Hotspot
Lassa,380,4.041419901381936,Hotspot
Lassa,381,4.040880907346735,Hotspot
Lassa,382,3.985556811970322,Hotspot
Lassa,383,4.062133105505033,Hotspot
Lassa,384,4.026339062381676,Hotspot
Lassa,385,3.9939724215288974,Hotspot
Lassa,386,3.9579832178316927,Hotspot
Lassa,387,3.9805135871668096,Hotspot
Lassa,388,3.959733559269581,Hotspot
Lassa,389,3.938356098348079,Hotspot
Lassa,390,3.938806962266951,Hotspot
Lassa,391,3.884187004014037,Hotspot
Lassa,392,3.852429158963964,Hotspot
Lassa,393,3.848121256776137,Hotspot
Lassa,394,3.888020232745115,Hotspot
Lassa,395,3.975027833438888,Hotspot
Lassa,396,3.953320505259755,Hotspot
Lassa,397,3.9292806510876837,Hotspot
Lassa,398,3.955937776793897,Hotspot
Lassa,399,4.025605132567982,Hotspot
Lassa,400,4.130735137947946,Hotspot
Lassa,401,4.13725199208405,Hotspot
Lassa,402,4.117067797641583,Hotspot
Lassa,403,4.11072423699021,Hotspot
Lassa,404,4.103650397384039,Hotspot
Lassa,405,3.972828908622371,Hotspot
Lassa,406,4.000948226672963,Hotspot
Lassa,407,4.045380616804325,Hotspot
Lassa,408,4.006569476201749,Hotspot
Lassa,409,4.057676797947513,Hotspot
Lassa,410,4.039013414680733,Hotspot
Lassa,411,3.9011697409443826,Hotspot
Lassa,412,4.031777526340203,Hotspot
Lassa,413,3.879047283481314,Hotspot
Lassa,414,4.003978550014434,Hotspot
Lassa,415,4.013211387222711,Hotspot
Lassa,416,3.976419620278335,Hotspot
Lassa,417,3.8931430469358297,Hotspot
Lassa,418,3.970146262723066,Hotspot
Lassa,419,3.987969386759628,Hotspot
Lassa,420,4.003915384356233,Hotspot
Lassa,421,3.9913053584522107,Hotspot
Lassa,422,4.006148278169693,Hotspot
Lassa,423,3.9718266733749146,Hotspot
Lassa,424,3.966376651529773,Hotspot
Lassa,425,4.016855205197641,Hotspot
Lassa,426,4.033638593441087,Hotspot
Lassa,427,4.017342190861186,Hotspot
Lassa,428,3.9318987740973643,Hotspot
Lassa,429,3.9467907848335106,Hotspot
Lassa,430,3.9717513395503707,Hotspot
Lassa,431,3.947885145180991,Hotspot
Lassa,432,3.988239983370247,Hotspot
Lassa,433,4.02440276820905,Hotspot
Lassa,434,4.083145051947261,Hotspot
Lassa,435,4.090996999329285,Hotspot
Lassa,436,4.171717008062,Hotspot
Lassa,437,4.12254818722077,Hotspot
Lassa,438,4.161998068336386,Hotspot
Lassa,439,4.139176010171336,Hotspot
Lassa,440,4.0515383527339655,Hotspot
Lassa,441,4.0442011038055306,Hotspot
Lassa,442,4.008825618095976,Hotspot
Lassa,443,3.9705898085027607,Hotspot
Lassa,444,4.006183478642211,Hotspot
Lassa,445,3.8792271106327214,Hotspot
Lassa,446,3.996121915564418,Hotspot
Lassa,447,3.884008971258847,Hotspot
Lassa,448,4.003420841061779,Hotspot
Lassa,449,3.9405912316387224,Hotspot
Lassa,450,3.948498108414922,Hotspot
Lassa,451,3.9530529814674273,Hotspot
Lassa,452,3.860723213410833,Hotspot
Lassa,453,3.8495702835851326,Hotspot
Lassa,454,3.9861953895973103,Hotspot
Lassa,455,3.9894574774624783,Hotspot
Lassa,456,3.959451488892689,Hotspot
Lassa,457,4.014090279471266,Hotspot
Lassa,458,4.019198304283799,Hotspot
Lassa,459,4.103203976613012,Hotspot
Lassa,460,4.070164693292686,Hotspot
Lassa,461,4.05656778928742,Hotspot
Lassa,462,4.053681966003716,Hotspot
Lassa,463,4.100294695852646,Hotspot
Lassa,464,4.077818113503027,Hotspot
Lassa,465,4.143457377974695,Hotspot
Lassa,466,4.071413101124061,Hotspot
Lassa,467,4.1115591813659345,Hotspot
Lassa,468,4.092647901644798,Hotspot
Lassa,469,3.992266984414943,Hotspot
Lassa,470,3.9710475761219195,Hotspot
Lassa,471,3.9191865546626006,Hotspot
Lassa,472,3.941513514914453,Hotspot
Lassa,473,3.9373908958747315,Hotspot
Lassa,474,3.909851375509244,Hotspot
Lassa,475,3.8495387606160376,Hotspot
Lassa,476,3.907155002675816,Hotspot
Lassa,477,3.943356003457205,Hotspot
Lassa,478,3.914187773937408,Hotspot
Lassa,479,3.801595350884958,Hotspot
Lassa,480,3.8270750773611373,Hotspot
Lassa,481,3.8340244377498336,Hotspot
Lassa,482,3.873822691685101,Hotspot
Lassa,483,3.778191631477488,Hotspot
Lassa,484,3.909348513204372,Hotspot
Lassa,485,3.973151291602109,Hotspot
Lassa,486,3.9779740165466286,Hotspot
Lassa,487,4.0773878940832295,Hotspot
Lassa,488,4.125555674791321,Hotspot
Lassa,489,4.151322936005547,Hotspot
Lassa,490,4.0761331552998685,Hotspot
Lassa,491,4.095627660367064,Hotspot
Lassa,492,3.925875080930992,Hotspot
Lassa,493,3.9612543347970393,Hotspot
Lassa,494,3.9241757882638173,Hotspot
Lassa,495,3.9721979688553564,Hotspot
Lassa,496,4.046045637559163,Hotspot
Lassa,497,4.007024415184241,Hotspot
Lassa,498,4.057984030810736,Hotspot
Lassa,499,4.078190437204476,Hotspot
Lassa,500,4.02015328902043,Hotspot
Lassa,501,3.994813193213654,Hotspot
Lassa,502,3.986165533766982,Hotspot
Lassa,503,3.9660429853784223,Hotspot
Lassa,504,4.026334001878184,Hotspot
Lassa,505,4.053694268986643,Hotspot
Lassa,506,4.132540700339433,Hotspot
Lassa,507,4.10813371957902,Hotspot
Lassa,508,4.170065398929269,Hotspot
Lassa,509,4.066711361896187,Hotspot
Lassa,510,4.05907328601208,Hotspot
Lassa,511,4.086979055695314,Hotspot
Lassa,512,4.06154107039339,Hotspot
Lassa,513,4.042652134168034,Hotspot
Lassa,514,3.997557161432504,Hotspot
Lassa,515,3.991185020748448,Hotspot
Lassa,516,4.072139126082021,Hotspot
Lassa,517,3.9888413818669477,Hotspot
Lassa,518,3.9228195645642447,Hotspot
Lassa,519,4.018227114628961,Hotspot
Lassa,520,3.950653557815066,Hotspot
Lassa,521,3.918759909673692,Hotspot
Lassa,522,3.9713536067242288,Hotspot
Lassa,523,3.918052213922417,Hotspot
Lassa,524,4.05246771372861,Hotspot
Lassa,525,3.9217716548543913,Hotspot
Lassa,526,3.9645612376651806,Hotspot
Lassa,527,4.032373960841417,Hotspot
Lassa,528,3.985824914942948,Hotspot
Lassa,529,3.99617323445353,Hotspot
Lassa,530,4.05163406010792,Hotspot
Lassa,531,4.099181063740243,Hotspot
Lassa,532,4.074021495217848,Hotspot
Lassa,533,4.052880556293588,Hotspot
Lassa,534,4.110844567623662,Hotspot
Lassa,535,3.9983643006708576,Hotspot
Lassa,536,4.054613356222425,Hotspot
Lassa,537,4.062007217622557,Hotspot
Lassa,538,4.094773778666409,Hotspot
Lassa,539,3.9961346102791406,Hotspot
Lassa,540,4.014869256984371,Hotspot
Lassa,541,4.008572400513047,Hotspot
Lassa,542,4.040668067092795,Hotspot
Lassa,543,4.020201960672165,Hotspot
Lassa,544,4.006669865377146,Hotspot
Lassa,545,3.986868590993523,Hotspot
Lassa,546,3.9265582910907773,Hotspot
Lassa,547,3.8930724072077845,Hotspot
Lassa,548,3.932589393169904,Hotspot
Lassa,549,3.9033255416585937,Hotspot
Lassa,550,3.88932188415898,Hotspot
Lassa,551,3.954167052747129,Hotspot
Lassa,552,3.93865463866886,Hotspot
Lassa,553,3.985534900769865,Hotspot
Lassa,554,3.844491299311591,Hotspot
Lassa,555,3.9830531361879564,Hotspot
Lassa,556,3.9650770993475075,Hotspot
Lassa,557,3.947819483904154,Hotspot
Lassa,558,3.9578347671772733,Hotspot
Lassa,559,3.9099175442182093,Hotspot
Lassa,560,4.043968287811429,Hotspot
Lassa,561,4.001000269109642,Hotspot
Lassa,562,3.9474643571478945,Hotspot
Lassa,563,3.9806221895107634,Hotspot
Lassa,564,3.978354689514223,Hotspot
Lassa,565,3.9984445374455495,Hotspot
Lassa,566,3.9922701767693805,Hotspot
Lassa,567,3.94173128638805,Hotspot
Lassa,568,4.014970312392125,Hotspot
Lassa,569,3.985505174491205,Hotspot
Lassa,570,3.9479169326049814,Hotspot
Lassa,571,3.928462488949474,Hotspot
Lassa,572,3.8682970176901885,Hotspot
Lassa,573,3.8233367746208553,Hotspot
Lassa,574,3.807114216903896,Hotspot
Lassa,575,3.733358410065436,Hotspot
Lassa,576,3.686289592094916,Hotspot
Lassa,577,3.729875557239853,Hotspot
Lassa,578,3.7033962067053814,Hotspot
Lassa,579,3.6659792168094394,Hotspot
Lassa,580,3.708921993330827,Hotspot
Lassa,581,3.8514681515583415,Hotspot
Lassa,582,3.9239789229720503,Hotspot
Lassa,583,3.995421549322712,Hotspot
Lassa,584,3.9468696056737698,Hotspot
Lassa,585,4.036557513463188,Hotspot
Lassa,586,4.029811972683389,Hotspot
Lassa,587,4.076508244514345,Hotspot
Lassa,588,4.1007689633364715,Hotspot
Lassa,589,4.083101074329997,Hotspot
Lassa,590,4.110547215002875,Hotspot
Lassa,591,4.060998918165712,Hotspot
Lassa,592,4.0962060934918165,Hotspot
Lassa,593,4.136936532287265,Hotspot
Lassa,594,4.096069723874974,Hotspot
Lassa,595,4.083038628435739,Hotspot
Lassa,596,4.119697914332,Hotspot
Lassa,597,4.093070696998186,Hotspot
Lassa,598,4.105605464614156,Hotspot
Lassa,599,4.148861613517664,Hotspot
Lassa,600,4.084802291183203,Hotspot
Lassa,601,4.065329117575327,Hotspot
Lassa,602,4.05903401705179,Hotspot
Lassa,603,4.039073694435958,Hotspot
Lassa,604,4.041390961188862,Hotspot
Lassa,605,4.034526668826624,Hotspot
Lassa,606,4.081983163291964,Hotspot
Lassa,607,3.997241384859447,Hotspot
Lassa,608,4.056880612450799,Hotspot
Lassa,609,4.0142467563866875,Hotspot
Lassa,610,4.078140078444982,Hotspot
Lassa,611,4.038869674209439,Hotspot
Lassa,612,4.063704319375706,Hotspot
Lassa,613,4.09453480787676,Hotspot
Lassa,614,4.102631578675099,Hotspot
Lassa,615,4.103073078755204,Hotspot
Lassa,616,4.09987739692742,Hotspot
Lassa,617,4.071611207455704,Hotspot
Lassa,618,4.01889535429007,Hotspot
Lassa,619,4.0083952488054795,Hotspot
Lassa,620,4.106112725850671,Hotspot
Lassa,621,4.002931010704891,Hotspot
Lassa,622,4.003891663816811,Hotspot
Lassa,623,3.997201616895861,Hotspot
Lassa,624,4.009673147950663,Hotspot
Lassa,625,4.060472186199765,Hotspot
Lassa,626,4.072212651131186,Hotspot
Lassa,627,4.0182810484035665,Hotspot
Lassa,628,4.08177795147802,Hotspot
Lassa,629,3.9939241797239724,Hotspot
Lassa,630,4.0246405965793475,Hotspot
Lassa,631,4.119679120296763,Hotspot
Lassa,632,4.0638961782809355,Hotspot
Lassa,633,4.108362427519536,Hotspot
Lassa,634,4.098997124736518,Hotspot
Lassa,635,4.0974751954891415,Hotspot
Lassa,636,4.110037002250094,Hotspot
Lassa,637,4.069724382480619,Hotspot
Lassa,638,4.095351444247493,Hotspot
Lassa,639,4.050964428480649,Hotspot
Lassa,640,4.049416726495954,Hotspot
Lassa,641,4.056519322859723,Hotspot
Lassa,642,4.062565570627367,Hotspot
Lassa,643,4.0337892552506585,Hotspot
Lassa,644,4.083158612715615,Hotspot
Lassa,645,4.10370463048247,Hotspot
Lassa,646,4.033199301851313,Hotspot
Lassa,647,4.075596968745737,Hotspot
Lassa,648,4.075707762277001,Hotspot
Lassa,649,4.15882589396248,Hotspot
Lassa,650,4.161358850202756,Hotspot
Lassa,651,4.161864737524136,Hotspot
Lassa,652,4.174952324778944,Hotspot
Lassa,653,4.174506076517624,Hotspot
Lassa,654,4.175916555222441,Hotspot
Lassa,655,4.174680138871794,Hotspot
Lassa,656,4.150166521949759,Hotspot
Lassa,657,4.107143441613882,Hotspot
Lassa,658,4.093337343841272,Hotspot
Lassa,659,4.047035055980476,Hotspot
Lassa,660,4.019306403959319,Hotspot
Lassa,661,4.014105181206675,Hotspot
Lassa,662,4.006026485565945,Hotspot
Lassa,663,3.9494246346311632,Hotspot
Lassa,664,3.9322861416034494,Hotspot
Lassa,665,3.981155191116577,Hotspot
Lassa,666,4.000459854804035,Hotspot
Lassa,667,3.98719927685935,Hotspot
Lassa,668,4.065861321670982,Hotspot
Lassa,669,3.978829487508436,Hotspot
Lassa,670,4.000129437021599,Hotspot
Lassa,671,3.9227537269854107,Hotspot
Lassa,672,3.8853155570710127,Hotspot
Lassa,673,3.9242959466742295,Hotspot
Lassa,674,3.878800051681179,Hotspot
Lassa,675,3.803714615706931,Hotspot
Lassa,676,3.9091306518648348,Hotspot
Lassa,677,3.872450903501572,Hotspot
Lassa,678,3.7984292240376583,Hotspot
Lassa,679,3.9104355474729076,Hotspot
Lassa,680,3.931229266918059,Hotspot
Lassa,681,3.9050290893781767,Hotspot
Lassa,682,3.897616764905578,Hotspot
Lassa,683,3.955201177436353,Hotspot
Lassa,684,4.008338990996572,Hotspot
Lassa,685,3.9717507051900705,Hotspot
Lassa,686,3.9495158314823837,Hotspot
Lassa,687,3.8613578444351155,Hotspot
Lassa,688,3.9649730861880235,Hotspot
Lassa,689,3.963479981644249,Hotspot
Lassa,690,4.029753719969093,Hotspot
Lassa,691,3.9842551056101327,Hotspot
Lassa,692,3.998347300935043,Hotspot
Lassa,693,3.9689320272704802,Hotspot
Lassa,694,3.944057937366884,Hotspot
Lassa,695,3.967879648559584,Hotspot
Lassa,696,3.9558350008489667,Hotspot
Lassa,697,3.942410834526251,Hotspot
Lassa,698,4.0148634559766165,Hotspot
Lassa,699,3.9009834337474656,Hotspot
